canonical_name,hood_as_typed,layout,rent,doubleOccupancy,parking,parkingCost,utils,utilityCost,isOwnPlace,signingMonth,signingYear,note,createdAt,created_date,id
1883 at Cameron House,1883 at Cameron House,3 Bed / 3 Bath,1149,FALSE,FALSE,0,FALSE,60,TRUE,January,2026,,1772306035676,2026-02-28,17723060356764fvi8t86r
1883 at Cameron House,1883 at Cameron House,4 Bed / 2 Bath,650,TRUE,FALSE,0,FALSE,100,TRUE,March,2025,"Broken elevator, includes gym and study room",1772515731862,2026-03-03,1772515731862ybnqdl6qg
1883 at Cameron House,1883 at Cameron House,3 Bed / 3 Bath,495,TRUE,FALSE,0,FALSE,40,TRUE,April,2025,Broken elecator,1773344782883,2026-03-12,1773344782884k06ww5rgq
1883 at Cameron House,1883 at Cameron House,4 Bed / 4 Bath,1075,FALSE,FALSE,0,FALSE,0,TRUE,February,2026,Dirksen,1773518577542,2026-03-14,1773518577542lxsqphxgu
1883 at Cameron House,1883 at Cameron House,3 Bed / 3 Bath,550,TRUE,FALSE,0,FALSE,25,TRUE,August,2026,"Gym, pool, close to campus",1773765019994,2026-03-17,1773765019994i61qex9tp
1883 at Cameron House,1883 at Cameron House,3 Bed / 3 Bath,1155,FALSE,FALSE,0,FALSE,0,TRUE,November,2025,Given a huge balcony 8x20 ft,1774580349029,2026-03-27,1774580349030tulojyreu
1883 at Cameron House,1883 at Cameron House,1 Bed / 1 Bath,1405,FALSE,FALSE,0,FALSE,0,TRUE,June,2025,Broken elevator,1775498393377,2026-04-06,17754983933777k5njs4dp
1883 at Cameron House,1883 at Cameron House,2 Bed / 2 Bath,1240,FALSE,TRUE,0,FALSE,50,TRUE,August,2026,Parking entrance gate broken?,1780684576869,2026-06-05,178068457686992bykw6bo
1883 at Cameron House,1883 at Cameron House,4 Bed / 2 Bath,690,FALSE,FALSE,0,FALSE,0,TRUE,May,2026,.,1780902453018,2026-06-08,1780902453018c0kpn3tny
1883 at Montgomery House,1883 at Montgomery House,3 Bed / 3 Bath,1148,FALSE,TRUE,125,FALSE,100,TRUE,,,1442 square feet,1771971661000,2026-02-24,seed_1771971661000_654c28
1883 at Montgomery House,1883 at Montgomery House,2 Bed / 2 Bath,700,FALSE,FALSE,0,FALSE,180,TRUE,February,2026,,1772173150513,2026-02-27,1772173150513f4ew0i500
1883 at Montgomery House,1883 at Montgomery House,4 Bed / 4 Bath,695,TRUE,FALSE,0,FALSE,85,TRUE,January,2026,double occupancy,1772242261194,2026-02-28,1772242261194rhvkch3x2
1883 at Montgomery House,1883 at Montgomery House,3 Bed / 3 Bath,1150,FALSE,FALSE,0,FALSE,50,TRUE,January,2026,,1772395343602,2026-03-01,1772395343602olel5e2mg
1883 at Montgomery House,1883 at Montgomery House,2 Bed / 2 Bath,1290,TRUE,FALSE,0,FALSE,0,TRUE,August,2026,Don’t know,1772517260540,2026-03-03,1772517260540p7lp41eii
1883 at Montgomery House,1883 at Montgomery House,3 Bed / 3 Bath,1150,FALSE,FALSE,0,FALSE,85,TRUE,August,2025,"Broken elevator, room is pretty spacious",1772985001327,2026-03-08,17729850013271xgka5x1j
1883 at Montgomery House,1883 at Montgomery House,3 Bed / 3 Bath,1110,FALSE,FALSE,0,FALSE,60,TRUE,August,2026,Idk,1773193733791,2026-03-11,1773193733791fmk675sw4
1883 at Montgomery House,1883 at Montgomery House,2 Bed / 2 Bath,1885,FALSE,FALSE,0,FALSE,50,TRUE,March,2025,Dhjdje,1773278300723,2026-03-12,1773278300723pdxoir8l1
1883 at Montgomery House,1883 at Montgomery House,3 Bed / 3 Bath,1090,FALSE,FALSE,0,FALSE,100,TRUE,January,2025,spacious,1774630476443,2026-03-27,1774630476443jbaf8pdy8
1883 at Montgomery House,1883 at Montgomery House,3 Bed / 3 Bath,420,TRUE,FALSE,0,FALSE,90,TRUE,July,2025,"Broken elevator, Not safe",1774826633473,2026-03-29,1774826633473nmztuqq6h
1883 at Montgomery House,1883 at Montgomery House,1 Bed / 1 Bath,1699,FALSE,FALSE,0,FALSE,50,TRUE,January,2025,Elevators are finicky,1774834551961,2026-03-30,17748345519611sqo4ii0y
1883 at Montgomery House,1883 at Montgomery House,3 Bed / 3 Bath,1100,FALSE,FALSE,0,FALSE,50,TRUE,August,2025,close to campus,1775010996143,2026-04-01,1775010996143yo9ozl9py
1883 at Montgomery House,1883 at Montgomery House,2 Bed / 2 Bath,1275,FALSE,FALSE,0,FALSE,0,TRUE,February,2025,Test,1776748602078,2026-04-21,1776748602079he4u9pog3
1883 at Montgomery House,1883 at Montgomery House,2 Bed / 2 Bath,1190,FALSE,TRUE,145,FALSE,70,TRUE,July,2025,Broken elevators often but maintenance is quick,1777368177136,2026-04-28,17773681771367y0dm1brj
1883 at Montgomery House,1883 at Montgomery House,2 Bed / 2 Bath,1250,FALSE,TRUE,100,FALSE,30,TRUE,April,2026,Very spacious rooms,1784399534009,2026-07-18,1784399534010n86hyl5wl
1907 Robbins Place Apartments,1907 Robbins Place Apartments,1 Bed / 1 Bath,950,FALSE,FALSE,0,FALSE,50,TRUE,August,2025,Nice and quiet.,1772555924494,2026-03-03,1772555924494j6jspwz52
21 Pearl,21 Pearl,4 Bed / 2 Bath,1080,FALSE,FALSE,0,FALSE,60,TRUE,,,"I like my place, but I think I also just have a really good unit. I have a small room (with balcony), but my roommates have ginormous room",1771474671000,2026-02-19,seed_1771474671000_ac2abf
21 Pearl,21 Pearl,2 Bed / 2 Bath,1300,FALSE,FALSE,0,FALSE,40,TRUE,,,moved from Quarters Sterling cause they raised prices for me by $90. I don't like the stairs but there's only stairs on the entrance facing campus. Taking the elevator is an extra block on walking,1771537945000,2026-02-19,seed_1771537945000_bdff7c
21 Pearl,21 Pearl,Studio,1350,FALSE,TRUE,135,FALSE,70,TRUE,,,No hidden fees!. I haven’t had any problems living here! Honestly one of the better apartments in west campus that I’ve lived at.,1771870560000,2026-02-23,seed_1771870560000_6f7577
21 Pearl,21 Pearl,4 Bed / 2 Bath,1075,FALSE,FALSE,0,FALSE,50,TRUE,November,2025,Bike share close and balcony in room,1772491328739,2026-03-02,1772491328739jggr6jeu4
21 Pearl,21 Pearl,4 Bed / 2 Bath,1080,FALSE,FALSE,0,FALSE,45,TRUE,August,2025,Includes gym,1772660703742,2026-03-04,1772660703742f04fs84nm
21 Pearl,21 Pearl,2 Bed / 2 Bath,1035,FALSE,FALSE,0,FALSE,50,TRUE,August,2026,not sure yet,1772680906171,2026-03-05,1772680906172a923c9u40
21 Pearl,21 Pearl,2 Bed / 2 Bath,1095,FALSE,FALSE,0,FALSE,40,TRUE,October,2024,"Unresponsive maintenance, but overall a more relaxed Wampus building",1772732239582,2026-03-05,17727322395827bvh7hejl
21 Pearl,21 Pearl,2 Bed / 2 Bath,1030,FALSE,FALSE,0,FALSE,55,TRUE,August,2026,n/a,1773279173595,2026-03-12,17732791735963dcqm613f
21 Pearl,21 Pearl,4 Bed / 2 Bath,1110,FALSE,FALSE,0,FALSE,80,TRUE,November,2024,gym is small but management is honestly pretty nice. but i think new leases are much higher prices with new hidden fees like “community fee”,1773871259712,2026-03-18,17738712597128miaru4xu
21 Pearl,21 Pearl,3 Bed / 3 Bath,845,FALSE,FALSE,0,FALSE,0,TRUE,December,2026,includes gym and amenities,1773874559313,2026-03-18,1773874559314ysc79qfa6
21 Pearl,21 Pearl,2 Bed / 2 Bath,1245,FALSE,FALSE,0,FALSE,50,TRUE,January,2026,"pretty good pricing compared to other places besides the fact that there is only one elevator, far-ish walk to campus.",1773938984954,2026-03-19,1773938984954eioc9jofc
21 Pearl,21 Pearl,2 Bed / 2 Bath,1129,FALSE,FALSE,0,FALSE,45,TRUE,March,2026,good maintenance and nice amenities,1773942958190,2026-03-19,1773942958190s57vwx2fs
21 Pearl,21 Pearl,2 Bed / 2 Bath,1290,FALSE,FALSE,0,FALSE,100,TRUE,January,2025,Elevator on the far side,1773965561193,2026-03-20,17739655611947ahm79vew
21 Pearl,21 Pearl,2 Bed / 2 Bath,1235,FALSE,FALSE,0,FALSE,120,TRUE,August,2024,Decent,1773994265041,2026-03-20,1773994265041rp77u420u
21 Pearl,21 Pearl,2 Bed / 2 Bath,1160,FALSE,FALSE,0,FALSE,40,TRUE,March,2026,It’s chill,1774036162193,2026-03-20,1774036162194z6qfrf08k
21 Pearl,21 Pearl,2 Bed / 2 Bath,1125,FALSE,FALSE,0,FALSE,35,TRUE,August,2026,"No pool, but good amenities otherwise",1774141047493,2026-03-22,1774141047493kvniw8h8h
21 Pearl,21 Pearl,2 Bed / 2 Bath,1278,FALSE,FALSE,0,FALSE,65,TRUE,August,2024,Decent,1774556908932,2026-03-26,1774556908932x0c29mmib
21 Pearl,21 Pearl,2 Bed / 2 Bath,1350,FALSE,FALSE,0,FALSE,60,TRUE,June,2025,Broken elevator,1774625758523,2026-03-27,1774625758523ox9gzbshi
21 Pearl,21 Pearl,2 Bed / 2 Bath,1215,FALSE,FALSE,0,FALSE,50,TRUE,March,2026,Good,1774831240288,2026-03-30,1774831240288en7pdn3o0
21 Pearl,21 pearl,4 Bed / 2 Bath,1200,FALSE,FALSE,0,FALSE,50,TRUE,September,2026,N/A,1775186893523,2026-04-03,1775186893523dgav50fn4
21 Pearl,21 Pearl,3 Bed / 2 Bath,949,FALSE,FALSE,0,FALSE,60,TRUE,August,2025,None,1775332961875,2026-04-04,1775332961875kkfiin9dg
21 Pearl,21 Pearl,1 Bed / 1 Bath,900,TRUE,FALSE,0,FALSE,0,TRUE,January,2026,Gym,1775683454683,2026-04-08,1775683454683uptcwklfz
21 Pearl,21 Pearl,2 Bed / 2 Bath,1200,FALSE,FALSE,0,FALSE,50,TRUE,March,2026,Idk,1776031800524,2026-04-12,1776031800524yjs48x91y
21 Pearl,21 Pearl,2 Bed / 2 Bath,1200,TRUE,FALSE,0,FALSE,50,TRUE,March,2026,Idk,1776031854026,2026-04-12,17760318540263jjht69x9
21 Pearl,21 Pearl,4 Bed / 2 Bath,1685,FALSE,FALSE,0,FALSE,0,TRUE,December,2025,Na,1776234639342,2026-04-15,1776234639342eq6y47cug
21 Pearl,21 Pearl,2 Bed / 2 Bath,565,TRUE,FALSE,0,FALSE,45,TRUE,February,2026,s,1776351313731,2026-04-16,1776351313731i0751qjsp
21 Pearl,21 Pearl,3 Bed / 2 Bath,975,FALSE,FALSE,0,FALSE,70,TRUE,July,2025,"No real issues. Not a lot of amenities. 3rd bedroom unoccupied, so billls are higher. I have my own en-suite.",1776444637429,2026-04-17,1776444637429fkewqyfzu
21 Pearl,21 Pearl,2 Bed / 2 Bath,1230,FALSE,FALSE,0,FALSE,40,TRUE,August,2024,"far from campus, always ups the rent every time it is time to renew",1782655618377,2026-06-28,1782655618377uqddounif
21 Pearl,21 Pearl,2 Bed / 2 Bath,1265,FALSE,TRUE,0,FALSE,40,TRUE,August,2024,a,1782655747297,2026-06-28,1782655747297mnq318xw7
21 Rio,21 Rio,2 Bed / 2 Bath,1375,FALSE,TRUE,190,FALSE,90,TRUE,,,"Roomate, 70 bonus fee for paying with card. Pretty spacious",1771480493000,2026-02-19,seed_1771480493000_026b3f
21 Rio,21 Rio,2 Bed / 2 Bath,610,FALSE,FALSE,0,FALSE,50,TRUE,May,2026,,1771901493153,2026-02-24,1771901493153nc2l8qm7m
21 Rio,21 Rio,2 Bed / 2 Bath,1360,FALSE,FALSE,0,FALSE,130,TRUE,November,2026,"pool, gym, window, balcony",1772170966459,2026-02-27,1772170966459fxa2zhyaz
21 Rio,21 Rio,2 Bed / 2 Bath,1500,FALSE,FALSE,0,FALSE,75,TRUE,March,2026,,1772225959586,2026-02-27,1772225959586xqm2ud1u4
21 Rio,21 Rio,2 Bed / 2 Bath,1350,FALSE,FALSE,0,FALSE,80,TRUE,March,2026,"Waved application fee, 19th floor, balcony, hills facing view, large living room. Window and walk in closet.",1772231975031,2026-02-27,1772231975031qkpf1a02k
21 Rio,21 Rio,2 Bed / 2 Bath,1150,FALSE,FALSE,0,FALSE,0,TRUE,August,2026,,1772237182102,2026-02-28,1772237182102tjdnzrnwr
21 Rio,21 Rio,2 Bed / 2 Bath,1299,FALSE,FALSE,0,FALSE,50,TRUE,August,2026,,1772237995913,2026-02-28,1772237995913fkoahsx27
21 Rio,21 Rio,2 Bed / 1 Bath,1185,FALSE,FALSE,0,FALSE,90,TRUE,November,2024,"Quick servicing, only two elevators",1772550979290,2026-03-03,17725509792916ell5gxex
21 Rio,21 Rio,2 Bed / 2 Bath,1370,FALSE,FALSE,0,FALSE,100,TRUE,March,2024,Very loud sometimes,1772594001791,2026-03-04,1772594001791imf814l46
21 Rio,21 Rio,3 Bed / 2 Bath,1200,FALSE,FALSE,0,FALSE,0,TRUE,September,2025,Close to campus,1772658453222,2026-03-04,17726584532221porzhr71
21 Rio,22 Rio,1 Bed / 1 Bath,675,FALSE,FALSE,0,FALSE,0,TRUE,August,2026,Close to campus,1772734046120,2026-03-05,1772734046120iwn0qc9sp
21 Rio,21 Rio,2 Bed / 2 Bath,1250,FALSE,FALSE,0,FALSE,0,TRUE,August,2026,Na,1773178793266,2026-03-10,177317879326604w66zd1n
21 Rio,21 Rio,2 Bed / 1 Bath,1000,FALSE,FALSE,0,FALSE,75,TRUE,August,2025,bad elevators,1773185902621,2026-03-10,1773185902621c6u91ll88
21 Rio,21 Rio,2 Bed / 2 Bath,1730,FALSE,FALSE,0,FALSE,150,TRUE,April,2025,"amenities suck, utilities way too expensive, but huge floor plans",1773210507592,2026-03-11,17732105075926dt3lh077
21 Rio,21 Rio,2 Bed / 2 Bath,999,FALSE,FALSE,0,FALSE,100,TRUE,August,2024,poop elevator,1773381582754,2026-03-13,1773381582755j715so2x6
21 Rio,21 Rio,2 Bed / 2 Bath,1360,FALSE,FALSE,0,FALSE,50,TRUE,August,2026,Not sure,1773871460423,2026-03-18,17738714604231282pa6fp
21 Rio,21 Rio,3 Bed / 2 Bath,1200,FALSE,FALSE,0,FALSE,50,TRUE,August,2026,Staff is all over the place,1774238510245,2026-03-23,1774238510245o4eyee19s
21 Rio,21 Rio,2 Bed / 2 Bath,1350,FALSE,FALSE,0,FALSE,65,TRUE,October,2024,Roaches,1774300684307,2026-03-23,17743006843071zms1u7a6
21 Rio,21 Rio,2 Bed / 1 Bath,1180,FALSE,FALSE,0,FALSE,0,TRUE,August,2026,"Includes indoor pool and gym, 2 elevators",1774372422555,2026-03-24,17743724225555wb1xn076
21 Rio,21 Rio,2 Bed / 1 Bath,1310,FALSE,FALSE,0,FALSE,50,TRUE,September,2025,Roaches,1774984760479,2026-03-31,1774984760479xwfk8zg35
21 Rio,21 Rio,2 Bed / 2 Bath,1734,FALSE,FALSE,0,FALSE,70,TRUE,October,2024,Bad amenities,1774988004253,2026-03-31,1774988004253w96wrinr5
21 Rio,21 Rio,2 Bed / 1 Bath,1345,FALSE,FALSE,0,FALSE,0,TRUE,October,2025,"$1350ish w a window, $1220 without",1775071643114,2026-04-01,1775071643114laj90rs8b
21 Rio,21 Rio,2 Bed / 2 Bath,1195,FALSE,FALSE,0,FALSE,0,TRUE,August,2026,"Small gym, outdoor grill, pool, and fIrepit",1775489424751,2026-04-06,1775489424751x3clzbsmy
21 Rio,21 Rio,2 Bed / 2 Bath,1725,FALSE,FALSE,0,FALSE,0,TRUE,November,2025,"Includes small rooftop gym and pool, grills, and parking is secured on game days so residents don’t have to move.",1776038283438,2026-04-12,1776038283439vejmylasg
21 Rio,21 Rio,2 Bed / 2 Bath,1430,FALSE,FALSE,0,FALSE,0,TRUE,September,2025,Close to campus,1776143044074,2026-04-14,17761430440747818jzjsw
21 Rio,21 Rio,2 Bed / 2 Bath,1420,FALSE,FALSE,0,FALSE,70,TRUE,September,2025,Close to campus,1776143312869,2026-04-14,1776143312869sut7lafvg
21 Rio,21 Rio,2 Bed / 2 Bath,2120,FALSE,FALSE,0,FALSE,105,TRUE,June,2026,Gym,1776231302465,2026-04-15,1776231302466fzy423ii3
21 Rio,21 Rio,2 Bed / 2 Bath,1220,FALSE,FALSE,0,FALSE,50,TRUE,August,2025,"No window in my bedroom, Usually only 1 elevator is working, elevators always smell bad, no one knows the code for the pool😭",1776543860279,2026-04-18,1776543860280d9hqoj7vx
21 Rio,21 Rio,1 Bed / 1 Bath,2210,FALSE,TRUE,200,FALSE,110,TRUE,August,2025,Broken elevator every couple of weeks,1776886438902,2026-04-22,17768864389023kzyhte0p
21 Rio,22 Rio,4 Bed / 4 Bath,1055,FALSE,TRUE,130,FALSE,70,TRUE,February,2024,Hija,1776908244448,2026-04-23,1776908244448t85tiyequ
21 Rio,21 Rio,2 Bed / 1 Bath,1180,FALSE,FALSE,0,FALSE,0,TRUE,August,2026,"Pool, gym",1777097113857,2026-04-25,1777097113857ajv9loxtt
21 Rio,21 Rio,2 Bed / 2 Bath,1300,FALSE,TRUE,90,FALSE,50,TRUE,August,2026,"I’ve been dealing with a utility bill dispute since the end of July, and the management has done nothing but lie, stall, and give me the runaround. My final bill showed over 24,000 gallons of water usage in a unit that was completely vacant except for a few brief visits. For comparison, when the unit was fully occupied for an entire month, the usage was only 2,370 gallons. That’s more than 10x higher when nobody was living there, clearly a leak or meter issue.",1777657313020,2026-05-01,177765731302007n8c5eyr
21 Rio,21 Rio,2 Bed / 2 Bath,1325,FALSE,FALSE,0,FALSE,0,TRUE,October,2025,"Close to campus, includes gym and pool",1778109141012,2026-05-06,1778109141012s7e3pdi3t
21 Rio,21 Rio,3 Bed / 2 Bath,1200,FALSE,FALSE,0,FALSE,70,TRUE,October,2025,One of the only apartments with no view on balcony. No balcony despite what we signed for.,1778613078157,2026-05-12,17786130781570p3c9aoho
21 Rio,21 Rio,1 Bed / 1 Bath,2240,FALSE,TRUE,185,FALSE,0,TRUE,August,2026,none,1779174222537,2026-05-19,1779174222537kgyj0gvzr
21 Rio,21 Rio,2 Bed / 2 Bath,1625,FALSE,TRUE,180,FALSE,0,TRUE,November,2025,N/A,1780873501660,2026-06-07,17808735016602n1fsd02d
21 Rio,21 Rio,2 Bed / 2 Bath,1320,FALSE,TRUE,0,FALSE,80,TRUE,July,2026,Haven’t lived yet,1783812675955,2026-07-11,17838126759557vwhe3k40
21 Rio,21 Rio,2 Bed / 2 Bath,1325,FALSE,TRUE,0,FALSE,0,TRUE,July,2026,N/a,1783813361284,2026-07-11,17838133612843nxiud6nt
24 Longview,24 Longview ,4 Bed / 2 Bath,850,FALSE,TRUE,150,FALSE,85,TRUE,,,"Google and yes. Poor internet service, random room checks, no gym",1771539686000,2026-02-19,seed_1771539686000_9d7e7a
24 Longview,24 Longview,2 Bed / 1 Bath,869,FALSE,FALSE,0,FALSE,85,TRUE,,,No hidden fees but rent is increasing because of renovations.. Pretty good for the cost but theres a roach problem.,1771712211000,2026-02-21,seed_1771712211000_5b08dc
24 Longview,24 Longview,4 Bed / 4 Bath,905,FALSE,FALSE,0,FALSE,50,TRUE,February,2026,,1772053661696,2026-02-25,1772053661696ifkfk3ctf
24 Longview,24 Longview,4 Bed / 2 Bath,730,FALSE,FALSE,0,FALSE,70,TRUE,January,2026,,1772305060740,2026-02-28,17723050607409rtgfon4f
24 Longview,24 Longview,4 Bed / 2 Bath,665,FALSE,FALSE,0,FALSE,50,TRUE,August,2026,N/A,1772490861645,2026-03-02,1772490861645u65dy8y5i
24 Longview,24 Longview,4 Bed / 2 Bath,739,FALSE,FALSE,0,FALSE,85,TRUE,September,2025,"Close to campus, have a good gym. Study places and 3ft pool xd",1772495983197,2026-03-02,1772495983197sq0dzans0
24 Longview,24 Longview,4 Bed / 4 Bath,1160,FALSE,FALSE,0,FALSE,0,TRUE,May,2026,its oakay,1772497739465,2026-03-03,1772497739465hn6z9put2
24 Longview,24 Longview,2 Bed / 1 Bath,870,FALSE,FALSE,0,FALSE,85,TRUE,October,2024,"Kinda far, small roach problem",1772571864618,2026-03-03,1772571864618yvfjfuhpc
24 Longview,24 Longview,4 Bed / 2 Bath,725,FALSE,FALSE,0,FALSE,0,TRUE,August,2026,"no windows
small",1772681199437,2026-03-05,1772681199437logxpfeih
24 Longview,24 Longview,4 Bed / 2 Bath,700,FALSE,FALSE,0,FALSE,80,TRUE,August,2025,Far from campus,1772753313131,2026-03-05,1772753313131l0jundpby
24 Longview,24 Longview,4 Bed / 2 Bath,739,FALSE,FALSE,0,FALSE,85,TRUE,August,2025,"The place was recently renovated. There’s a new ground floor area, a new office, a new mail room, a new gym, and a new study room. There’s also a small poll area with some covered outdoor couches. Since my lease was signed last year, the base price is being increased by $60 this year because of the renovation.",1773244429407,2026-03-11,1773244429408jah0tifml
24 Longview,24 Longview,4 Bed / 2 Bath,739,FALSE,FALSE,0,FALSE,80,TRUE,August,2025,Thin walls so you can hear everything and not that many amenities other than limited hour gym and a pool,1773269197528,2026-03-11,1773269197528nb1hu5okw
24 Longview,24 Longview,4 Bed / 2 Bath,739,FALSE,FALSE,0,FALSE,80,TRUE,August,2025,N/A,1773269382871,2026-03-11,1773269382872ue5uqj9rq
24 Longview,24 Longview,4 Bed / 2 Bath,700,FALSE,FALSE,0,FALSE,70,TRUE,August,2024,Baaaaaaaaaaad,1773981752194,2026-03-20,1773981752194ref2xhn2r
24 Longview,24 Longview,2 Bed / 2 Bath,1205,FALSE,FALSE,0,FALSE,50,TRUE,July,2026,broken elavator,1774303605734,2026-03-23,1774303605734kyc8cs3vc
24 Longview,24 Longview,Unknown,1055,FALSE,FALSE,0,FALSE,85,TRUE,January,2026,Poor quality of life and staff are rude,1774574733510,2026-03-27,177457473351082bhzzq5q
24 Longview,24 Longview,4 Bed / 2 Bath,650,FALSE,FALSE,0,FALSE,85,TRUE,May,2025,"includes gym, pool, and study lounges.",1774916415891,2026-03-31,1774916415891eztr9nyzi
24 Longview,24 Longview,4 Bed / 2 Bath,815,FALSE,FALSE,0,FALSE,75,TRUE,May,2024,Gym and small pool,1776268846576,2026-04-15,1776268846577hsa3i45nk
24 Longview,24 Longview,4 Bed / 2 Bath,695,FALSE,FALSE,0,FALSE,75,TRUE,March,2025,Chill place to live tbh. Just renovated the lobby for more amenities.,1776299660083,2026-04-16,1776299660083ssgm36nqy
24 Longview,24 Longview,4 Bed / 2 Bath,825,FALSE,FALSE,0,FALSE,70,TRUE,August,2026,N/a,1776723284211,2026-04-20,1776723284211o29iiejn3
24 Longview,24 Longview,50 Bed / 50 Bath,1190,FALSE,FALSE,0,FALSE,50,TRUE,March,2026,f,1783964627563,2026-07-13,1783964627563o93u90guz
2400 Nueces,2400 Nueces,2 Bed / 2 Bath,1350,FALSE,FALSE,0,FALSE,0,FALSE,June,2023,"8/10 from CNS, COLA. Walk time to campus is 5 - 10 min. Data from Wampus.fyi",1697891233000,2023-10-21,1697891233000mt5pg03df
2400 Nueces,2400 Nueces,4 Bed / 4 Bath,1186,FALSE,FALSE,0,FALSE,0,TRUE,,,I signed as a 9 month lease cause I didn't want to pay over the summer,1771303301000,2026-02-17,seed_1771303301000_2917e9
2400 Nueces,2400 Nueces,2 Bed / 2 Bath,1528,FALSE,TRUE,139,FALSE,0,TRUE,,,"Owned by the University. No hidden fees at all.. Really great, 24 hr desk, maintenance is always super fast, rooms and whole apt pretty spacious.",1771627915000,2026-02-20,seed_1771627915000_945a68
2400 Nueces,2400 Nueces,2 Bed / 2 Bath,1425,FALSE,FALSE,0,FALSE,0,TRUE,August,2026,,1772138623362,2026-02-26,1772138623362hqalwyxai
2400 Nueces,2400 Nueces,2 Bed / 2 Bath,1425,FALSE,FALSE,0,FALSE,0,TRUE,January,2026,,1772239986014,2026-02-28,1772239986014tuqk8f17x
2400 Nueces,2400 Nueces,2 Bed / 2 Bath,1450,FALSE,FALSE,0,FALSE,0,TRUE,February,2026,"5 min walk to campus, gym, and pool",1772304452689,2026-02-28,17723044526890e2jcbitp
2400 Nueces,2400 Nueces,4 Bed / 2 Bath,987,TRUE,FALSE,0,FALSE,0,TRUE,January,2026,Gym,1772498288275,2026-03-03,17724982882753nujxq4tt
2400 Nueces,2400 Nueces,4 Bed / 4 Bath,1108,FALSE,FALSE,0,FALSE,0,TRUE,August,2025,"UT students only, utilities and internet covered.",1772560907889,2026-03-03,1772560907889bvm8r6tzg
2400 Nueces,2400 Nueces,4 Bed / 4 Bath,1170,FALSE,FALSE,0,FALSE,0,TRUE,August,2024,"Included utilities, extremely fast maintenance, parking permit also works on campus, bathrooms don’t have vents so mold can be an issue.",1772564902069,2026-03-03,177256490206967krp7nlp
2400 Nueces,2400 Nueces,1 Bed / 1 Bath,1740,FALSE,FALSE,0,FALSE,0,TRUE,November,2025,"Utilities included, reasonable parking but you do still have RAs like the dorm",1772570465651,2026-03-03,17725704656516nzwijdks
2400 Nueces,2400 Nueces,2 Bed / 2 Bath,1290,FALSE,FALSE,0,FALSE,30,TRUE,August,2025,bad elevators,1772773153151,2026-03-06,1772773153151s3eiy7xfe
2400 Nueces,2400 Nueces,1 Bed / 1 Bath,1789,FALSE,FALSE,0,FALSE,0,TRUE,December,2025,"utilities and internet included, laundry in room.",1773410256591,2026-03-13,17734102565916bgy7mfpw
2400 Nueces,2400 Nueces,2 Bed / 2 Bath,1350,FALSE,FALSE,0,FALSE,0,TRUE,August,2024,Slow elevator at times,1773415260620,2026-03-13,1773415260620x6vz336ip
2400 Nueces,2400 Nueces,2 Bed / 2 Bath,1400,FALSE,FALSE,0,FALSE,0,TRUE,December,2026,Gym & Pool,1773902035861,2026-03-19,1773902035861o0dle5eur
2400 Nueces,2400 Nueces,3 Bed / 3 Bath,1275,FALSE,FALSE,0,FALSE,0,TRUE,November,2024,great amenities and maintenance,1773940976334,2026-03-19,1773940976334tmoosoupu
2400 Nueces,2400 Nueces,4 Bed / 2 Bath,910,FALSE,FALSE,0,FALSE,0,TRUE,August,2026,N/A,1774061493072,2026-03-21,177406149307233f18uzkr
2400 Nueces,2400 Nueces,2 Bed / 2 Bath,1410,FALSE,FALSE,0,FALSE,0,TRUE,November,2024,"Pretty good, gym is small",1774063925046,2026-03-21,17740639250466mpug8d9o
2400 Nueces,2400 Nueces,2 Bed / 2 Bath,1465,FALSE,FALSE,0,FALSE,0,TRUE,August,2026,N/A,1774139096700,2026-03-22,177413909670014eoui6dp
2400 Nueces,2400 Nueces,1 Bed / 1 Bath,1875,FALSE,FALSE,0,FALSE,50,TRUE,July,2026,N/a,1774228792870,2026-03-23,1774228792870r3bnhokmt
2400 Nueces,2400 Nueces,2 Bed / 2 Bath,1295,FALSE,FALSE,0,FALSE,0,TRUE,January,2024,"I saw that there was an average utilities price but there are no utility costs at 2400 Nueces. Elevators can be down sometimes but the maintenance has been superb. I have the best living experience of all my other frineds in West Campus since the building is maintained and the university doesn't cheap out. Since profit is not a driving factor for N24, then I feel like you really are getting extremely good value if you live here.",1774968578777,2026-03-31,1774968578777wxv7dhiyg
2400 Nueces,2400 Nueces,4 Bed / 4 Bath,1135,FALSE,FALSE,0,FALSE,0,TRUE,August,2024,"UT owned large rooms no issues pool + gym, balcony in unit",1774973979716,2026-03-31,1774973979716ejkh5700t
2400 Nueces,2400 Nueces,4 Bed / 4 Bath,1180,FALSE,FALSE,0,FALSE,0,TRUE,April,2026,Close ish to campus,1775097935178,2026-04-02,1775097935178cur16krar
2400 Nueces,2400 Nueces,2 Bed / 2 Bath,1468,FALSE,TRUE,180,FALSE,50,TRUE,August,2026,"Includes gym, pool, work hub",1777441990205,2026-04-29,1777441990206vfmq0a69x
2400 Nueces,2400 Nueces,2 Bed / 2 Bath,760,TRUE,FALSE,0,FALSE,0,TRUE,July,2025,Broken Elevator,1777765045439,2026-05-02,1777765045439frqqsnvu7
2400 Nueces,2400 Nueces,2 Bed / 2 Bath,1655,FALSE,FALSE,0,FALSE,0,TRUE,August,2026,none,1782877663049,2026-07-01,17828776630492ueylxf0m
2400 Nueces,2400 Nueces,2 Bed / 2 Bath,1505,FALSE,FALSE,0,FALSE,0,TRUE,August,2026,none,1782877722556,2026-07-01,17828777225575k8you9uk
26 West,26 West,4 Bed / 4 Bath,1029,FALSE,FALSE,0,FALSE,0,FALSE,October,2022,8/10 from Cockrell. Walk time to campus is 11 - 15 min. Data from Wampus.fyi,1697890363000,2023-10-21,169789036300027wvqh5fe
26 West,26 West,4 Bed / 2 Bath,1025,FALSE,FALSE,0,FALSE,0,FALSE,July,2022,7/10 from Cockrell. Walk time to campus is 11 - 15 min. Data from Wampus.fyi,1697890487000,2023-10-21,1697890487000i2wmkcxh8
26 West,26 West,2 Bed / 1 Bath,1120,FALSE,FALSE,0,FALSE,0,FALSE,February,2023,9/10 from CNS. Walk time to campus is 11 - 15 min. Data from Wampus.fyi,1697891223000,2023-10-21,1697891223000j8km2olqm
26 West,26 West,4 Bed / 2 Bath,1019,FALSE,FALSE,0,FALSE,0,FALSE,October,2022,8/10 from Cockrell. Walk time to campus is 11 - 15 min. Data from Wampus.fyi,1697896423000,2023-10-21,1697896423000yyzpwms0h
26 West,26 West,4 Bed / 4 Bath,989,FALSE,FALSE,0,FALSE,0,FALSE,October,2022,"7/10 from CNS, McCombs. Walk time to campus is 11 - 15 min. Data from Wampus.fyi",1697896720000,2023-10-21,1697896720000wyhy9sw7t
26 West,26 West,4 Bed / 2 Bath,1150,FALSE,TRUE,0,FALSE,20,TRUE,,,Close to engineering,1771365097000,2026-02-17,seed_1771365097000_a7dfe8
26 West,26 West,4 Bed / 4 Bath,1175,FALSE,TRUE,150,FALSE,20,TRUE,,,Just signed for next year so I've only toured but it still looks good!,1771433197000,2026-02-18,seed_1771433197000_6d04c0
26 West,26 West,4 Bed / 2 Bath,1200,FALSE,FALSE,0,FALSE,50,TRUE,,,"Pretty nice, fast maintenance",1771480049000,2026-02-19,seed_1771480049000_e6405b
26 West,26 West,3 Bed / 3 Bath,1280,FALSE,FALSE,0,FALSE,20,TRUE,,,"just google, it’s technically 1500 w rebate. fine not crazy nice",1771484131000,2026-02-19,seed_1771484131000_bb7aa6
26 West,26 West,1 Bed / 1 Bath,2000,FALSE,TRUE,150,FALSE,0,TRUE,,,"Old building, good management, overpriced, undersized amenities. good for me on 3rd floor, lower floor deals with roaches and other issues",1771677766000,2026-02-21,seed_1771677766000_097e8e
26 West,26 West,4 Bed / 2 Bath,1169,FALSE,FALSE,0,FALSE,40,TRUE,,,"Found online when looking for places near engineering side of campus. Application fee was atrocious and couldn’t get that waived when we signed-should’ve waited. Not bad overall but small things-stove slightly tilted. Thermostat only heats cools to one temperature (not a range). Amenities are nice, only real plus.",1771830785000,2026-02-23,seed_1771830785000_9add6c
26 West,26 West,4 Bed / 2 Bath,1179,FALSE,TRUE,150,FALSE,40,TRUE,,,My rent is being reduced by $130 next year for resigning,1771941038000,2026-02-24,seed_1771941038000_0ac0c4
26 West,26 West,4 Bed / 4 Bath,1250,FALSE,FALSE,0,FALSE,50,TRUE,August,2026,,1772155746429,2026-02-27,17721557464292n3uedpmq
26 West,26 West,4 Bed / 2 Bath,1109,FALSE,FALSE,0,FALSE,65,TRUE,September,2026,,1772210391370,2026-02-27,1772210391370snocf99kg
26 West,26 West,4 Bed / 4 Bath,1275,FALSE,FALSE,0,FALSE,60,TRUE,January,2026,,1772321792799,2026-02-28,1772321792800swhhqqtav
26 West,26 West,4 Bed / 2 Bath,1200,FALSE,FALSE,0,FALSE,70,TRUE,November,2024,Dim lighting,1772502078414,2026-03-03,1772502078415jyw5jxybl
26 West,26 West,4 Bed / 4 Bath,1300,FALSE,FALSE,0,FALSE,60,TRUE,October,2024,"A little dirty, not very pretty rooms, small rooms.",1772553482956,2026-03-03,1772553482956alxjrhqd2
26 West,26 West,4 Bed / 2 Bath,1050,FALSE,FALSE,0,FALSE,35,TRUE,September,2025,low water pressure,1772630662135,2026-03-04,1772630662135ktdj1l5yd
26 West,26 West,4 Bed / 4 Bath,1275,FALSE,FALSE,0,FALSE,20,TRUE,January,2025,includes gym pool and study rooms,1772687619676,2026-03-05,1772687619676zsbg5wbtb
26 West,26 West,4 Bed / 4 Bath,1125,FALSE,FALSE,0,FALSE,0,TRUE,August,2026,Dark rooms,1772776205189,2026-03-06,1772776205189avsgiqo5f
26 West,26 West,3 Bed / 3 Bath,1250,FALSE,FALSE,0,FALSE,35,TRUE,April,2026,N/a,1773011116157,2026-03-08,17730111161570ukpx1unl
26 West,26 West,4 Bed / 2 Bath,1320,FALSE,FALSE,0,FALSE,40,TRUE,March,2026,N/a,1773011326008,2026-03-08,177301132600886uosp15z
26 West,26 West,1 Bed / 1 Bath,2120,FALSE,FALSE,0,FALSE,80,TRUE,August,2025,"Everything works, and if something breaks....maintenance is quick to respond.",1773333686472,2026-03-12,1773333686472ysvxjl24c
26 West,26 West,2 Bed / 2 Bath,1530,FALSE,FALSE,0,FALSE,50,TRUE,July,2025,Dog park,1773708467512,2026-03-17,1773708467512vq0l7x4pb
26 West,26 West,4 Bed / 4 Bath,1110,FALSE,FALSE,0,FALSE,50,TRUE,October,2025,Na,1773898139849,2026-03-19,1773898139849980m1lces
26 West,26 West,1 Bed / 1 Bath,2119,FALSE,FALSE,0,FALSE,100,TRUE,October,2025,Great maintenance!,1773976946481,2026-03-20,1773976946481d4acfpp26
26 West,26 West,4 Bed / 4 Bath,1189,FALSE,FALSE,0,FALSE,50,TRUE,October,2025,Good amenities,1775018212525,2026-04-01,1775018212525a591odwaw
26 West,26 West,4 Bed / 4 Bath,1120,FALSE,FALSE,0,FALSE,75,TRUE,October,2025,maintenance is responsive,1775626170605,2026-04-08,1775626170605i8f8k3dv3
26 West,26 West,4 Bed / 4 Bath,1100,FALSE,FALSE,0,FALSE,55,TRUE,August,2026,Nothing,1776127493930,2026-04-14,1776127493930zaht19bdy
26 West,26 west,4 Bed / 4 Bath,1200,FALSE,FALSE,0,FALSE,0,TRUE,August,2026,Gonna live,1776145093278,2026-04-14,17761450932783n943aygk
26 West,26west,4 Bed / 4 Bath,1365,FALSE,FALSE,0,FALSE,50,TRUE,May,2025,Jjjj,1776145651660,2026-04-14,1776145651660t2taar1do
26 West,26 West,4 Bed / 2 Bath,1185,FALSE,FALSE,0,FALSE,0,TRUE,November,2026,Good,1776180189615,2026-04-14,1776180189615dmer3kkb5
26 West,26 West,2 Bed / 2 Bath,1470,FALSE,FALSE,0,FALSE,0,TRUE,January,2026,Pretty nice,1776831046476,2026-04-22,1776831046477ve62z27ym
26 West,26 West,2 Bed / 2 Bath,1529,FALSE,TRUE,150,FALSE,0,TRUE,August,2026,Includes gym and pool,1777235226009,2026-04-26,1777235226009bskrugfqk
26 West,26 West,2 Bed / 1 Bath,1380,FALSE,FALSE,0,FALSE,0,TRUE,August,2026,not sure,1777366761055,2026-04-28,17773667610550ddt1ijj3
26 West,26 West,4 Bed / 4 Bath,1385,FALSE,TRUE,120,FALSE,60,TRUE,September,2025,kinda run down,1781289893665,2026-06-12,1781289893665qxr3pz1j6
3000 Guadalupe St,3000 Guadalupe St,1 Bed / 1 Bath,915,FALSE,FALSE,0,FALSE,0,TRUE,August,2026,N/a,1773723479899,2026-03-17,1773723479899eqzjutwxx
9HUNDRED,9HUNDRED,3 Bed / 2 Bath,975,FALSE,FALSE,0,FALSE,70,TRUE,May,2025,no amenities,1773196354427,2026-03-11,17731963544278pnz58ezb
9HUNDRED,9HUNDRED,2 Bed / 2 Bath,1040,FALSE,FALSE,0,FALSE,150,TRUE,June,2025,"No amenities, Nonexistent Management",1773204492300,2026-03-11,1773204492300kok08k9ec
9HUNDRED,9HUNDRED,3 Bed / 2 Bath,1020,FALSE,FALSE,0,FALSE,80,TRUE,June,2025,pretty spacious rooms,1773269373503,2026-03-11,1773269373503nxsosnj57
9HUNDRED,9HUNDRED,3 Bed / 2 Bath,900,FALSE,FALSE,0,FALSE,35,TRUE,August,2024,No amenities and it was an extra $75 to get the single room with restroom attached,1776137382546,2026-04-14,1776137382547yxe2tw3r1
9HUNDRED,9HUNDRED,2 Bed / 2 Bath,400,FALSE,FALSE,0,FALSE,50,TRUE,January,2024,ye,1781231064457,2026-06-12,1781231064457qggw6tv6q
Aura Thirty2,Aura Thirty2,1 Bed / 1 Bath,2005,FALSE,FALSE,0,FALSE,0,TRUE,July,2026,"Super nice gym and pool, balcony, close to campus, sky lounge",1774408113812,2026-03-25,1774408113812w12m4rvi8
Aura Thirty2,Aura Thirty2,1 Bed / 1 Bath,1855,FALSE,FALSE,0,FALSE,150,TRUE,August,2025,chill,1775772661905,2026-04-09,17757726619058nm0jbi8a
Avon at 22nd,Avon at 22nd,1 Bed / 1 Bath,1000,FALSE,FALSE,0,FALSE,90,TRUE,August,2025,Includes washer/dryer and a fridge nothing else,1772613931426,2026-03-04,1772613931426bagiuqkfv
Avon at 22nd,Avon at 22nd,2 Bed / 2 Bath,1150,FALSE,TRUE,45,FALSE,135,TRUE,August,2024,Rent split between 2 people so the total is 2300,1777661838233,2026-05-01,1777661838233gywzqf0sy
Axis West Campus,Axis West Campus,4 Bed / 4 Bath,1135,FALSE,TRUE,100,FALSE,0,TRUE,,,Place is fairly far away,1771303251000,2026-02-17,seed_1771303251000_ff97c2
Axis West Campus,Axis West Campus,4 Bed / 4 Bath,800,FALSE,TRUE,0,FALSE,20,TRUE,,,Sublease. So far it’s pretty nice but sacrificing distance by walking more to campus.,1771480204000,2026-02-19,seed_1771480204000_0753fa
Axis West Campus,Axis West Campus,2 Bed / 2 Bath,500,TRUE,FALSE,0,FALSE,50,TRUE,December,2026,,1771901381264,2026-02-24,17719013812642as97byc0
Axis West Campus,Axis West Campus,2 Bed / 2 Bath,1785,FALSE,FALSE,0,FALSE,50,TRUE,August,2026,,1772064501696,2026-02-26,17720645016961cc8dtfvv
Axis West Campus,Axis West Campus,2 Bed / 2 Bath,1240,FALSE,FALSE,0,FALSE,0,TRUE,August,2026,,1772166410077,2026-02-27,1772166410077t0en2zudw
Axis West Campus,Axis West Campus,4 Bed / 4 Bath,1000,FALSE,FALSE,0,FALSE,50,TRUE,February,2026,Waved application fee,1772168521657,2026-02-27,1772168521658085e36dua
Axis West Campus,Axis West Campus,4 Bed / 4 Bath,1000,FALSE,FALSE,0,FALSE,75,TRUE,January,2026,,1772320795389,2026-02-28,1772320795389u91w2779p
Axis West Campus,Axis West Campus,4 Bed / 2 Bath,1150,FALSE,FALSE,0,FALSE,80,TRUE,January,2026,,1772353636093,2026-03-01,1772353636093q6zay57gp
Axis West Campus,Axis West Campus,4 Bed / 4 Bath,1100,FALSE,FALSE,0,FALSE,0,TRUE,January,2026,,1772353841038,2026-03-01,1772353841038aely5iqvp
Axis West Campus,Axis West Campus,4 Bed / 4 Bath,1116,FALSE,FALSE,0,FALSE,0,TRUE,November,2024,good,1772550238861,2026-03-03,1772550238862kvp0qmmuy
Axis West Campus,Axis West Campus,4 Bed / 4 Bath,995,FALSE,FALSE,0,FALSE,25,TRUE,October,2025,N/A,1772579907407,2026-03-03,17725799074072yv5hlnsu
Axis West Campus,Axis West Campus,1 Bed / 1 Bath,1029,FALSE,FALSE,0,FALSE,75,TRUE,October,2024,It’s a little far walk from campus but manageable. It’s also a SMART housing,1772651555508,2026-03-04,1772651555509vrvmi1amp
Axis West Campus,Axis West Campus,4 Bed / 2 Bath,965,FALSE,FALSE,0,FALSE,45,TRUE,October,2025,Poor gym,1772769989431,2026-03-06,17727699894317gg1gb2jk
Axis West Campus,Axis West Campus,4 Bed / 4 Bath,1110,FALSE,FALSE,0,FALSE,80,TRUE,August,2026,"Including Hidden fees of green fee $10, renters insurance $25 and pets can be brought, and elevators broken, and 10 minutes or more away from campus.",1772999237005,2026-03-08,1772999237006iu523xqn3
Axis West Campus,Axis West Campus,4 Bed / 4 Bath,1110,FALSE,FALSE,0,FALSE,80,TRUE,August,2026,Broken elevator and hidden fees,1772999362654,2026-03-08,1772999362654zlwowj32y
Axis West Campus,Axis West Campus,4 Bed / 4 Bath,940,FALSE,FALSE,0,FALSE,60,TRUE,August,2024,"Not many complaints, far from campus but cheap, big rooms and maintenance is fast",1773174797892,2026-03-10,1773174797892u1zhon0ed
Axis West Campus,Axis West Campus,4 Bed / 4 Bath,998,FALSE,FALSE,0,FALSE,50,TRUE,August,2026,haven’t started yet,1773194376382,2026-03-11,1773194376382uow1tof83
Axis West Campus,Axis West Campus,4 Bed / 4 Bath,998,FALSE,FALSE,0,FALSE,50,TRUE,September,2026,havent started yet,1773274370390,2026-03-12,1773274370391a1fk6dtjl
Axis West Campus,Axis West Campus,4 Bed / 2 Bath,1065,FALSE,FALSE,0,FALSE,60,TRUE,October,2024,Maintenance fixes anything pretty quick.,1773324650258,2026-03-12,1773324650258826m9wrau
Axis West Campus,Axis West Campus,4 Bed / 4 Bath,1170,FALSE,FALSE,0,FALSE,35,TRUE,October,2025,N/A,1773469482558,2026-03-14,17734694825583hpjmavpi
Axis West Campus,Axis West Campus,4 Bed / 4 Bath,1080,FALSE,FALSE,0,FALSE,50,TRUE,August,2025,"Broken elevator, far from campus, decent staff, decent maintenance",1773870298721,2026-03-18,1773870298721kv8cli3gj
Axis West Campus,Axis West Campus,4 Bed / 4 Bath,1040,FALSE,FALSE,0,FALSE,0,TRUE,March,2026,Just signed but the building looks nice so far,1773947384875,2026-03-19,1773947384875xd2lccd73
Axis West Campus,Axis West Campus,4 Bed / 4 Bath,1030,FALSE,FALSE,0,FALSE,50,TRUE,March,2026,"free coffee, small gym, large parking garage",1773950404310,2026-03-19,1773950404311m1ylptpq1
Axis West Campus,Axis West Campus,4 Bed / 2 Bath,1040,FALSE,FALSE,0,FALSE,40,TRUE,November,2025,"They say $980 a month, but then ding you on trash fee, green fee, and furniture fee",1774216717909,2026-03-22,1774216717909te3ltmdwq
Axis West Campus,Axis West Campus,2 Bed / 2 Bath,1323,FALSE,FALSE,0,FALSE,185,TRUE,October,2025,N/a,1774911017093,2026-03-30,1774911017093u462ebm6j
Axis West Campus,Axis West Campus,4 Bed / 4 Bath,990,FALSE,FALSE,0,FALSE,50,TRUE,March,2026,Great staff and elevators,1774925412265,2026-03-31,17749254122652muyro1mi
Axis West Campus,Axis West Campus,4 Bed / 4 Bath,940,FALSE,FALSE,0,FALSE,70,TRUE,August,2024,Lots of various fees but still relatively cheap,1775172027978,2026-04-02,17751720279786rgcbntng
Axis West Campus,Axis West Campus,4 Bed / 4 Bath,975,FALSE,FALSE,0,FALSE,50,TRUE,April,2026,"Super far from campus, 30 minute walk",1775317327310,2026-04-04,1775317327310tudcp9l2c
Axis West Campus,Axis West Campus,2 Bed / 2 Bath,1265,FALSE,FALSE,0,FALSE,65,TRUE,October,2024,Includes gym & pool,1775968316628,2026-04-12,17759683166281bm3dksnf
Axis West Campus,Axis West Campus,2 Bed / 2 Bath,1250,FALSE,FALSE,0,FALSE,0,TRUE,February,2026,"20 min walk, plus gym",1776227985060,2026-04-15,1776227985060bq5z275dk
Axis West Campus,Axis West Campus,4 Bed / 4 Bath,1040,FALSE,FALSE,0,FALSE,60,TRUE,January,2025,"Includes (small) gym and pool, free B&W printing, only two elevators between the 6 floors (one has been broken for a while), pretty reliable maintenance. Just a bit of a far walk from campus.",1776269750952,2026-04-15,1776269750952bwlofidkk
Axis West Campus,Axis West Campus,4 Bed / 2 Bath,975,FALSE,TRUE,110,FALSE,50,TRUE,April,2026,Not too far from campus,1776659542380,2026-04-20,1776659542380mmsamtb7c
Axis West Campus,Axis West Campus,4 Bed / 2 Bath,970,FALSE,TRUE,115,FALSE,45,TRUE,January,2024,Decent for price,1777244965681,2026-04-26,1777244965681ajtj6iuon
Axis West Campus,Axis West Campus,4 Bed / 4 Bath,1080,FALSE,TRUE,150,FALSE,65,TRUE,August,2026,"20
Min walk from campus, elevator sometimes doesn’t work so lower floors are recommended.",1777400223663,2026-04-28,17774002236631vbwdq7jx
Axis West Campus,Axis West Campus,4 Bed / 2 Bath,980,FALSE,FALSE,0,FALSE,0,TRUE,August,2026,The front was really nice as well as the staff,1778167254239,2026-05-07,1778167254239n5izi1kut
Axis West Campus,Axis West Campus,4 Bed / 4 Bath,995,FALSE,TRUE,105,FALSE,45,TRUE,March,2026,"pool, gym, clbhouse, study areas",1778254132796,2026-05-08,1778254132796hsn1y17ep
Axis West Campus,Axis West Campus,4 Bed / 4 Bath,890,FALSE,TRUE,115,FALSE,25,TRUE,June,2026,"15 mins from campus, pool, gym, parking garage",1783662075733,2026-07-10,1783662075733u58xipvll
Ballpark East,Ballpark East,2 Bed / 2 Bath,1720,FALSE,FALSE,0,FALSE,50,TRUE,,,,1771546010364,2026-02-20,1771546010364bhq254xfb
Ballpark North,Ballpark North,4 Bed / 2 Bath,570,FALSE,FALSE,0,FALSE,70,TRUE,August,2026,,1772187241741,2026-02-27,1772187241741wdehqd4wf
Ballpark North,Ballpark North,4 Bed / 2 Bath,570,FALSE,FALSE,0,FALSE,70,TRUE,August,2026,,1772187520550,2026-02-27,17721875205513qnxcmyg8
Ballpark North,Ballpark North,1 Bed / 1 Bath,1150,FALSE,FALSE,0,FALSE,150,TRUE,December,2024,"Classic apartment style, furnished, pool, hangout lounge, gym",1772617734610,2026-03-04,1772617734610ksnz4m2xq
Ballpark North,Ballpark North,4 Bed / 4 Bath,630,FALSE,FALSE,0,FALSE,60,TRUE,February,2025,"Smells like shit, old gym, okay pool.",1775006965628,2026-04-01,1775006965628ncshny86j
Ballpark North,Ballpark North,4 Bed / 4 Bath,580,FALSE,FALSE,0,FALSE,50,TRUE,March,2026,N/A,1775699717688,2026-04-09,17756997176886rfzjysmc
Buena Vista Condominiums,Buena Vista Condominiums,2 Bed / 2 Bath,1085,FALSE,TRUE,0,FALSE,0,TRUE,,,My mom found it but a previous person in my org lived there. The place is nice and close but there are some bugs. We did once have a roach problem,1771537841000,2026-02-19,seed_1771537841000_003e96
Callaway House,Callaway House,4 Bed / 2 Bath,2200,FALSE,FALSE,0,FALSE,50,TRUE,October,2026,,1772233403216,2026-02-27,1772233403216h52dmbtli
Callaway House,Callaway House,1 Bed / 1 Bath,1820,FALSE,FALSE,0,FALSE,0,TRUE,August,2026,"Haven’t moved in yet, but comes with unlimited meal plan, and has a kitchenette & living room",1772496003659,2026-03-03,1772496003659gid77b28t
Callaway House,Callaway House,2 Bed / 2 Bath,3680,FALSE,FALSE,0,FALSE,0,TRUE,November,2024,Dirty and gross.,1772553861309,2026-03-03,1772553861309xdz1ehssb
Callaway House,Callaway House,4 Bed / 2 Bath,2235,FALSE,FALSE,0,FALSE,0,TRUE,August,2025,"Close to campus, birds get in the pooil",1772696402790,2026-03-05,1772696402790ydm91oym1
Callaway House,Callaway House,2 Bed / 2 Bath,2400,TRUE,FALSE,0,FALSE,0,TRUE,March,2024,Meal plan included,1772741071921,2026-03-05,1772741071921jky7acb81
Callaway House,Callaway House,2 Bed / 2 Bath,2200,TRUE,FALSE,0,FALSE,0,TRUE,May,2025,"Lots of broken elevators, loud music, and weird smells. Lots of Greeks life, so it’s great if your a freshman who is rushing",1773195408276,2026-03-11,17731954082761ueq5nm5h
Callaway House,Callaway House,3 Bed / 3 Bath,3920,FALSE,FALSE,0,FALSE,0,TRUE,August,2025,Sucks,1773252319865,2026-03-11,17732523198658qso3gxqd
Callaway House,Callaway House,2 Bed / 2 Bath,3500,FALSE,FALSE,0,FALSE,0,TRUE,January,2026,N/A,1773285734146,2026-03-12,1773285734146z873m639a
Callaway House,Callaway House,2 Bed / 2 Bath,3520,FALSE,FALSE,0,FALSE,0,TRUE,August,2026,Includes meal plan,1773609491970,2026-03-15,177360949197029h12mo7c
Callaway House,Callaway House,2 Bed / 2 Bath,1905,FALSE,FALSE,0,FALSE,0,TRUE,August,2026,15 minute walk away from cockrell,1774069672587,2026-03-21,17740696725870g01qk22d
Callaway House,Callaway House,2 Bed / 2 Bath,1990,FALSE,FALSE,0,FALSE,0,TRUE,August,2026,N/A,1774373511835,2026-03-24,1774373511835vz396z887
Callaway House,Callaway House,4 Bed / 4 Bath,2020,FALSE,FALSE,0,FALSE,105,TRUE,February,2026,N/A,1774994435033,2026-03-31,1774994435033wpqphnaya
Callaway House,Callaway House,2 Bed / 2 Bath,2400,TRUE,FALSE,0,FALSE,0,TRUE,April,2025,lots of broken elevators. Staff is really nice. Maintence is usually pretty speedy except maybe the begining of the year. 10 month lease so you don't have to pay for rent in the summer,1775096043935,2026-04-02,1775096043935x0r1zmh01
Callaway House,Callaway House,4 Bed / 4 Bath,3315,FALSE,FALSE,0,FALSE,0,TRUE,August,2026,everything,1775743421250,2026-04-09,1775743421250kf2l14ovk
Callaway House,Callaway House,1 Bed / 1 Bath,2000,FALSE,FALSE,0,FALSE,30,TRUE,August,2026,N/a,1775860436696,2026-04-10,1775860436696ueva4a4wx
Callaway House,Callaway House,1 Bed / 1 Bath,1880,FALSE,FALSE,0,FALSE,0,TRUE,August,2026,"Full-service dining hall with unlimited meal plan included
All utilities included
G2B® - High speed internet up to 1Gbps included per bed
Bi-weekly housekeeping service included
Four on-site laundry facilities
Fully furnished with leather-style furniture 24-hour, 2,400 sq ft, state-of-the-art fitness center with professional Cybex strength machines, cardio equipment and free weights
Rooftop lounge with views of campus
Rooftop swimming pool with hot tub
Recreation center with billiards, foosball and poker table
Theater room with four 60” televisions and a giant projection screen
Staff trained in mental wellness support + programming with Hi, How Are You Project
Educational, social and recreational activities Academic Success Center with iMacs and free printing
Educational programming
Six study areas and lounges on multiple floors
Wi-Fi throughout the community
Professional, on-site management and maintenance
24-hour courtesy desk
24-hour, on-call staff
Community Assistant staff
Academic term leases
Controlled building access with one point of entry
Individual liability leases
Limited access garage parking available Convenient access to Austin Community College, St. Edward's University, Huston-Tillotson University and Concordia University
Just steps to DKR Memorial Stadium, Moody Center and Guadalupe Street
Only one block to the UT campus
Walk or bike to class",1777252983100,2026-04-27,1777252983100y4oenxi4y
Callaway House,Callaway House,Studio,1200,FALSE,TRUE,0,FALSE,0,TRUE,August,2026,N/A,1779429046946,2026-05-22,17794290469467ohtqsdbi
Callaway House,Callaway House,Studio,1865,FALSE,TRUE,150,FALSE,0,TRUE,March,2026,N-A,1779765610014,2026-05-26,17797656100150ntkfo1he
Callaway House,Callaway House,1 Bed / 1 Bath,2060,FALSE,TRUE,345,FALSE,50,TRUE,March,2025,butt,1780366628886,2026-06-02,1780366628886ho4exygah
Callaway House,Callaway House,2 Bed / 2 Bath,1815,FALSE,TRUE,200,FALSE,70,TRUE,March,2024,stinky,1782339858451,2026-06-24,1782339858451oycj09thb
Camino Flats,Camino Flats,2 Bed / 2 Bath,975,FALSE,TRUE,0,FALSE,150,TRUE,,,"Found it via Zillow or Apartments.com or something like that. No hidden fees. Pretty nice! Well-maintained, and maintenance responds quickly. Not a sleek new apartment complex, more of a cozy vibe. My fav parts: secure gated complex, soundproof walls, and a nice little courtyard with grills and ping pong! Worst part: water is metered across the whole building and averaged, which can rack up depending on neighbors and also maintenance activities",1771560667000,2026-02-20,seed_1771560667000_7bb93b
Camino Flats,Camino Flats,3 Bed / 2 Bath,1170,FALSE,FALSE,0,FALSE,0,TRUE,January,2026,Further from campus than i’d like but ok otherwise,1772669543515,2026-03-05,17726695435156fj9of474
Camino Flats,Camino flats,2 Bed / 2 Bath,900,FALSE,FALSE,0,FALSE,200,TRUE,August,2026,"Close to campus, washer and dryer",1772689365679,2026-03-05,1772689365679u7t11ljpy
Camino Flats,Camino Flats,2 Bed / 2 Bath,1655,FALSE,FALSE,0,FALSE,80,TRUE,June,2025,"No elevator, minimal amenities",1772706889756,2026-03-05,1772706889756kd74x3joi
Camino Flats,Camino Flats,2 Bed / 2 Bath,1250,FALSE,FALSE,0,FALSE,70,TRUE,August,2026,Close to campus,1773868420072,2026-03-18,17738684200728u6gje2op
Camino Flats,Camino Flats,2 Bed / 2 Bath,1815,FALSE,FALSE,0,FALSE,50,TRUE,August,2026,nothing i can think of,1774503916694,2026-03-26,1774503916694sjocg027x
Camino Flats,Camino Flats,1 Bed / 1 Bath,1400,FALSE,FALSE,0,FALSE,100,TRUE,June,2025,Good,1774624515012,2026-03-27,1774624515012c0y4ao971
Camino Flats,Camino Flats,2 Bed / 2 Bath,1825,FALSE,FALSE,0,FALSE,200,TRUE,August,2026,Good maintenance,1774931346150,2026-03-31,1774931346150y4hodnqbe
Camino Flats,Camino Flats,2 Bed / 2 Bath,2150,FALSE,FALSE,0,FALSE,150,TRUE,October,2024,free parking is first come first serve so prepare to walk,1775586684664,2026-04-07,17755866846648u1cpczbp
Camino Flats,Camino Flats,3 Bed / 2 Bath,1185,FALSE,FALSE,0,FALSE,0,TRUE,January,2026,Renovated recently,1778121817334,2026-05-07,1778121817334hoalae57t
Camino Flats,Camino Flats,3 Bed / 2 Bath,1205,FALSE,TRUE,100,FALSE,50,TRUE,January,2026,Marla was nice shoutout,1783107165901,2026-07-03,178310716590146goo35zl
Centennial Condos,Centennial Condos,2 Bed / 2 Bath,990,FALSE,FALSE,0,FALSE,65,TRUE,February,2026,No gym.,1772691096890,2026-03-05,1772691096890isf4le80h
Centennial Condos,Centennial Condos,2 Bed / 2 Bath,1000,FALSE,FALSE,0,FALSE,0,TRUE,August,2026,Parking was included and the price was pretty cheap so we signed quickly,1773743969691,2026-03-17,1773743969692aafo2782t
Centennial Condos,Centennial Condos,2 Bed / 2 Bath,1300,FALSE,FALSE,0,FALSE,0,TRUE,March,2026,n/a,1774891962255,2026-03-30,1774891962255bdrx8i4lz
Centennial Condos,Centennial Condos,2 Bed / 2 Bath,1150,FALSE,FALSE,0,FALSE,0,TRUE,August,2025,close to campus,1775945787210,2026-04-11,17759457872104updcnm7o
Crest at Pearl,Crest at Pearl,2 Bed / 1 Bath,1250,FALSE,FALSE,0,FALSE,0,FALSE,September,2022,9/10 from CNS. Walk time to campus is 16 - 20 min. Data from Wampus.fyi,1697891213000,2023-10-21,1697891213000dklrm72m7
Crest at Pearl,Crest at Pearl,4 Bed / 4 Bath,1174,FALSE,FALSE,0,FALSE,0,FALSE,May,2023,"8/10 from Moody, McCombs. Walk time to campus is 5 - 10 min. Data from Wampus.fyi",1697901113000,2023-10-21,1697901113000j5tau51ed
Crest at Pearl,Crest at Pearl,2 Bed / 2 Bath,1274,FALSE,TRUE,150,FALSE,100,TRUE,,,Heard utilities were on the expensive side and they low key are,1771433121000,2026-02-18,seed_1771433121000_3c5d30
Crest at Pearl,Crest at Pearl,4 Bed / 4 Bath,1184,FALSE,FALSE,0,FALSE,60,TRUE,January,2026,,1772252880862,2026-02-28,1772252880862an3qcv7pn
Crest at Pearl,Crest at Pearl,2 Bed / 2 Bath,1274,FALSE,FALSE,0,FALSE,105,TRUE,January,2026,,1772306995017,2026-02-28,1772306995018hnpm4873l
Crest at Pearl,Crest at Pearl,4 Bed / 4 Bath,1170,FALSE,FALSE,0,FALSE,50,TRUE,August,2025,broken elevator,1772483518830,2026-03-02,1772483518830yb18uflbt
Crest at Pearl,Crest at Pearl,3 Bed / 3 Bath,1140,FALSE,FALSE,0,FALSE,0,TRUE,November,2025,None,1772648523977,2026-03-04,177264852397762smddvqn
Crest at Pearl,Crest at Pearl,4 Bed / 4 Bath,1430,FALSE,FALSE,0,FALSE,100,TRUE,July,2025,Includes gym and pool,1772740931882,2026-03-05,1772740931883f6w7qg4nj
Crest at Pearl,Crest at Pearl,4 Bed / 4 Bath,1120,FALSE,FALSE,0,FALSE,0,TRUE,August,2026,Close to McCombs,1773075334880,2026-03-09,1773075334880fe11bjof4
Crest at Pearl,Crest at Pearl,2 Bed / 2 Bath,1300,FALSE,FALSE,0,FALSE,80,TRUE,August,2026,Good,1773172727809,2026-03-10,17731727278098word7iqi
Crest at Pearl,Crest at Pearl,4 Bed / 4 Bath,1125,FALSE,FALSE,0,FALSE,80,TRUE,August,2026,Has gym and pool,1773198877390,2026-03-11,1773198877390q801h346o
Crest at Pearl,Crest at Pearl,3 Bed / 3 Bath,1085,FALSE,FALSE,0,FALSE,80,TRUE,January,2024,great,1773209519670,2026-03-11,17732095196700owv36tqo
Crest at Pearl,Crest at Pearl,1 Bed / 1 Bath,1598,FALSE,FALSE,0,FALSE,80,TRUE,August,2024,"SMART housing floorplan. Includes gym, pool, and study rooms. Pet-friendly with $350 pet fee and $25 per month pet rent. Staff was always nice, no issues when I lived there.",1773332421403,2026-03-12,1773332421403cxfdqsbxr
Crest at Pearl,Crest at Pearl,4 Bed / 4 Bath,1089,FALSE,FALSE,0,FALSE,0,TRUE,October,2025,good,1774307460273,2026-03-23,1774307460273sbarj7vsm
Crest at Pearl,Crest at Pearl,4 Bed / 4 Bath,1089,FALSE,FALSE,0,FALSE,0,TRUE,October,2025,gym and pool,1774972666407,2026-03-31,1774972666407ks8tg121w
Crest at Pearl,Crest at Pearl,3 Bed / 3 Bath,1290,FALSE,FALSE,0,FALSE,40,TRUE,April,2025,"slow elevator, but close to campus",1775073724879,2026-04-01,1775073724880bi16jh553
Crest at Pearl,Crest at Pearl,4 Bed / 4 Bath,1310,FALSE,FALSE,0,FALSE,95,TRUE,August,2025,Gym,1775083196540,2026-04-01,17750831965404xvj58qdt
Crest at Pearl,Crest at Pearl,3 Bed / 3 Bath,1140,FALSE,FALSE,0,FALSE,0,TRUE,November,2025,Far ish from campus as an engineering major,1775284362375,2026-04-04,1775284362375nlrw4a9nb
Crest at Pearl,Crest at Pearl,3 Bed / 3 Bath,1125,FALSE,FALSE,0,FALSE,0,TRUE,November,2025,Far from engineering buildings,1775284480511,2026-04-04,1775284480511gmgvu6hwi
Crest at Pearl,Crest at Pearl,2 Bed / 2 Bath,1260,FALSE,FALSE,0,FALSE,85,TRUE,March,2025,Idk,1775611477947,2026-04-08,1775611477947d9w406982
Crest at Pearl,Crest at Pearl,2 Bed / 2 Bath,1275,FALSE,FALSE,0,FALSE,80,TRUE,March,2025,B,1775920808787,2026-04-11,1775920808787jwdby6wpu
Crest at Pearl,Crest at Pearl,2 Bed / 2 Bath,1260,FALSE,FALSE,0,FALSE,65,TRUE,August,2026,"I haven't experience any because I move in, in August.",1776242296198,2026-04-15,1776242296198tc09yh1sp
Crest at Pearl,Crest at Pearl,3 Bed / 3 Bath,1100,FALSE,FALSE,0,FALSE,85,TRUE,August,2026,NA,1780112841999,2026-05-30,1780112841999eopku6ezq
Crest at Pearl,Crest at Pearl,2 Bed / 2 Bath,1424,FALSE,TRUE,150,FALSE,70,TRUE,March,2025,Na,1780759716758,2026-06-06,1780759716758pzxt3tiee
Croix Condominiums,Croix Condominiums,2 Bed / 2 Bath,1950,FALSE,FALSE,0,FALSE,50,TRUE,October,2026,,1772172236229,2026-02-27,1772172236229eafqm9sgg
Croix Condominiums,Croix Condominiums,1 Bed / 1 Bath,1390,FALSE,TRUE,0,FALSE,200,TRUE,August,2026,N/a,1780042389671,2026-05-29,17800423896721r3ao6o4d
Delphi Condominiums,Delphi Condominiums,2 Bed / 2 Bath,1800,FALSE,FALSE,0,FALSE,120,TRUE,September,2025,n/a,1772579774288,2026-03-03,1772579774288ebkwxpscd
Delphi Condominiums,Delphi Condominiums,3 Bed / 2 Bath,2700,TRUE,FALSE,0,FALSE,150,TRUE,February,2026,Close to campus,1772940135964,2026-03-08,1772940135964ov017mam3
Delphi Condominiums,Delphi Condominiums,3 Bed / 3 Bath,735,FALSE,FALSE,0,FALSE,200,TRUE,August,2026,No amenities,1774400306391,2026-03-25,17744003063915i8n6qvt8
Delphi Condominiums,Delphi Condominiums,4 Bed / 4 Bath,935,FALSE,TRUE,0,FALSE,50,TRUE,December,2024,na,1776705129929,2026-04-20,17767051299292a5l7dr8w
Dobie Twenty21,Dobie Twenty21,2 Bed / 2 Bath,1020,FALSE,FALSE,0,FALSE,35,TRUE,March,2026,,1772063445185,2026-02-25,17720634451868sew9ua9w
Dobie Twenty21,Dobie Twenty21,2 Bed / 2 Bath,2010,FALSE,FALSE,0,FALSE,0,TRUE,July,2025,comes with dining plan. super close to campus. target. amazing view. big rooms,1772563409096,2026-03-03,1772563409096u7u1bmwbt
Dobie Twenty21,Dobie Twenty21,2 Bed / 2 Bath,1150,TRUE,FALSE,0,FALSE,0,TRUE,March,2024,Defective Elevator,1772653884250,2026-03-04,1772653884250m3z4tapg5
Dobie Twenty21,Dobie Twenty21,1 Bed / 1 Bath,1605,TRUE,FALSE,0,FALSE,0,TRUE,August,2025,Elevators always broken.,1772664508777,2026-03-04,1772664508777ijyy4u0qd
Dobie Twenty21,Dobie Twenty21,1 Bed / 1 Bath,1505,TRUE,FALSE,0,FALSE,0,TRUE,August,2025,Broken elevators always,1772668615519,2026-03-04,1772668615519st6bkdniv
Dobie Twenty21,Dobie Twenty21,1 Bed / 1 Bath,1430,FALSE,FALSE,0,FALSE,0,TRUE,August,2025,"Elevators always out, concrete floors, pipes on ceiling",1772678920664,2026-03-05,17726789206657qyaawkw8
Dobie Twenty21,Dobie Twenty21,4 Bed / 4 Bath,1925,FALSE,FALSE,0,FALSE,50,TRUE,December,2024,close to campus,1772679977719,2026-03-05,1772679977719k77kvzfvg
Dobie Twenty21,Dobie Twenty21,2 Bed / 2 Bath,2030,FALSE,FALSE,0,FALSE,25,TRUE,February,2025,none,1773080490077,2026-03-09,1773080490077pqjumde1q
Dobie Twenty21,Dobie Twenty21,4 Bed / 2 Bath,2005,FALSE,FALSE,0,FALSE,50,TRUE,February,2025,Cool place,1773262998752,2026-03-11,1773262998752y2enpeq6o
Dobie Twenty21,Dobie Twenty21,1 Bed / 1 Bath,1050,FALSE,FALSE,0,FALSE,85,TRUE,January,2024,Skdskelekdid,1773292422742,2026-03-12,1773292422742z0py71yij
Dobie Twenty21,Dobie Twenty21,4 Bed / 4 Bath,1260,FALSE,FALSE,0,FALSE,55,TRUE,July,2026,Includes gym and pool,1773778724030,2026-03-17,1773778724030i2r08nm0n
Dobie Twenty21,Dobie Twenty21,4 Bed / 2 Bath,1235,FALSE,FALSE,0,FALSE,55,TRUE,August,2026,Pool,1773778752478,2026-03-17,1773778752478mlvac2npq
Dobie Twenty21,Dobie Twenty21,2 Bed / 2 Bath,1565,TRUE,FALSE,0,FALSE,0,TRUE,September,2026,no notes,1773994250145,2026-03-20,1773994250145zzgsmd4bi
Dobie Twenty21,Dobie Twenty21,1 Bed / 1 Bath,645,TRUE,FALSE,0,FALSE,0,TRUE,May,2025,"Elevator sucks, ground is cement, very loud",1774155886910,2026-03-22,1774155886910bza3pxfje
Dobie Twenty21,Dobie Twenty21,2 Bed / 2 Bath,1485,TRUE,FALSE,0,FALSE,0,TRUE,May,2026,Elevator always broken,1774240146907,2026-03-23,1774240146907nyss1ia8q
Dobie Twenty21,Dobie Twenty21,2 Bed / 2 Bath,590,FALSE,FALSE,0,FALSE,30,TRUE,December,2026,Broke,1774295725055,2026-03-23,1774295725055eb4jxwjdw
Dobie Twenty21,Dobie Twenty21,2 Bed / 2 Bath,1230,FALSE,FALSE,0,FALSE,40,TRUE,October,2026,Dobie,1774295969484,2026-03-23,177429596948426isdphw1
Dobie Twenty21,Dobie Twenty21,2 Bed / 2 Bath,900,FALSE,FALSE,0,FALSE,25,TRUE,December,2026,Dobiew,1774296004007,2026-03-23,1774296004007uyaz9krhk
Dobie Twenty21,Dobie Twenty21,2 Bed / 2 Bath,1180,FALSE,FALSE,0,FALSE,60,TRUE,December,2026,Dobie 21,1774296129560,2026-03-23,1774296129560dlkra2cug
Dobie Twenty21,Dobie Twenty21,4 Bed / 2 Bath,1280,FALSE,FALSE,0,FALSE,50,TRUE,August,2026,Incoming,1774296194150,2026-03-23,1774296194150qx3ggk9h5
Dobie Twenty21,Dobie Twenty21,4 Bed / 4 Bath,725,FALSE,FALSE,0,FALSE,35,TRUE,October,2026,Broken,1774296396083,2026-03-23,1774296396083psy0yc3l3
Dobie Twenty21,Dobie Twenty21,2 Bed / 2 Bath,705,FALSE,FALSE,0,FALSE,25,TRUE,May,2026,Doby,1774296719477,2026-03-23,1774296719477xyzllwhci
Dobie Twenty21,Dobie Twenty21,4 Bed / 4 Bath,1160,FALSE,FALSE,0,FALSE,0,TRUE,November,2026,N/a,1774305467220,2026-03-23,1774305467220orirwtz22
Dobie Twenty21,Dobie Twenty21,2 Bed / 2 Bath,1550,FALSE,FALSE,0,FALSE,0,TRUE,March,2025,Bad elevator,1774993716197,2026-03-31,177499371619879s0ujyjt
Dobie Twenty21,Dobie Twenty21,1 Bed / 1 Bath,1100,TRUE,FALSE,0,FALSE,0,TRUE,August,2026,Cold and can't control temperature,1775162259873,2026-04-02,1775162259873prjz548t3
Dobie Twenty21,Dobie Twenty21,1 Bed / 1 Bath,1485,FALSE,FALSE,0,FALSE,0,TRUE,August,2024,Elevators sometimes broken,1775536441241,2026-04-07,1775536441241sbumxul65
Dobie Twenty21,Dobie Twenty21,4 Bed / 2 Bath,2430,FALSE,FALSE,0,FALSE,80,TRUE,June,2026,notes,1776356761829,2026-04-16,1776356761829tbx6w90jr
Dobie Twenty21,Dobie Twenty21,1 Bed / 1 Bath,1500,TRUE,FALSE,0,FALSE,0,TRUE,August,2025,Elevator is broken often,1777430212619,2026-04-29,1777430212619tbm9viswt
Dobie Twenty21,Dobie Twenty21,Unknown,1850,FALSE,FALSE,0,FALSE,50,TRUE,August,2026,pool,1778815795363,2026-05-15,1778815795363rmldqiwds
Dobie Twenty21,Dobie Twenty21,Unknown,1825,FALSE,TRUE,0,FALSE,0,TRUE,August,2026,pool,1778815886197,2026-05-15,1778815886197o34kc4fdh
Dobie Twenty21,Dobie Twenty21,2 Bed / 2 Bath,1190,FALSE,TRUE,0,FALSE,0,TRUE,January,2025,broken elevator,1780000244225,2026-05-28,1780000244225ln4gclcvy
Dobie Twenty21,Dobie Twenty21,1 Bed / 1 Bath,1500,TRUE,FALSE,0,FALSE,0,TRUE,June,2025,One elevator is almost always broken,1781141791108,2026-06-11,178114179110836abqq37u
Dobie Twenty21,Dobie Twenty21,1 Bed / 1 Bath,1415,FALSE,TRUE,105,FALSE,65,TRUE,January,2024,sdjfskdfjsdf,1781548766997,2026-06-15,1781548766997pewayskd9
Dos Rios,Dos Rios,1 Bed / 1 Bath,1100,FALSE,FALSE,0,FALSE,150,TRUE,August,2024,"Nice place good pricing for one by one , in unit washer and dryer, no gym or extra add ons",1772729481885,2026-03-05,1772729481886cst5b3ppc
Dos Rios,Dos Rios,1 Bed / 1 Bath,1200,FALSE,FALSE,0,FALSE,0,TRUE,February,2026,Bugs,1772738531179,2026-03-05,1772738531179ug4u5jxgz
Duval Villas,Duval Villas,4 Bed / 2 Bath,900,FALSE,FALSE,0,FALSE,80,TRUE,,,No. Zillow.. Dryer takes a little longer to dry and it is north university.,1771388509000,2026-02-18,seed_1771388509000_bed8be
Duval Villas,Duval Villas,2 Bed / 2 Bath,975,FALSE,FALSE,0,FALSE,65,TRUE,August,2025,Broken elevator rest is good,1772672451678,2026-03-05,177267245167823enoar8z
East Campus Graduate Apartments,East Campus Graduate Apartments,1 Bed / 1 Bath,1566,FALSE,FALSE,0,FALSE,0,TRUE,July,2025,All utilities and internet included.,1772561667138,2026-03-03,1772561667139gs7lenlne
Envoy Apartments,Envoy Apartments,Studio,1150,FALSE,TRUE,0,FALSE,60,TRUE,,,"Found on my own. No hidden fees but must ask about separate utility prices.. Smaller, slightly older studio. Have broken utility problems every once in a while but maintenance is quick. Relatively quiet area and nice space for one person",1771559908000,2026-02-20,seed_1771559908000_cba9b6
Envoy Apartments,Enovy Apartments,Studio,1150,FALSE,TRUE,0,FALSE,75,TRUE,,,Just randomly. Nothing to complain about,1771744543000,2026-02-22,seed_1771744543000_cbbdc7
Envoy Apartments,Envoy Apartments,1 Bed / 1 Bath,1150,FALSE,FALSE,0,FALSE,85,TRUE,May,2026,,1772208421602,2026-02-27,177220842160275yba3xv8
Envoy Apartments,Envoy Apartments,4 Bed / 4 Bath,1295,FALSE,FALSE,0,FALSE,0,TRUE,February,2025,Nice place,1772459959808,2026-03-02,1772459959808jd4bgyzkr
Envoy Apartments,Envoy Apartments,1 Bed / 1 Bath,1150,FALSE,FALSE,0,FALSE,60,TRUE,August,2024,N/A,1772641111434,2026-03-04,1772641111434ualrrpaek
Escala Condominiums,Escala Condominiums,1 Bed / 1 Bath,1150,FALSE,FALSE,0,FALSE,50,TRUE,July,2026,,1772150560358,2026-02-27,1772150560358fncwo7nnt
Estates at East Riverside,Estates at East Riverside,3 Bed / 3 Bath,620,FALSE,FALSE,0,FALSE,45,TRUE,,,"Apartments.com. It’s only bad bc a little far from campus, but there is a direct bus route which takes 25 mins",1771722195000,2026-02-22,seed_1771722195000_e09c77
Gables Condominiums,Gables Condominiums,2 Bed / 2 Bath,930,FALSE,FALSE,0,FALSE,70,TRUE,February,2025,"Rent is really 1850 but we split it by 2 people, washer/dryer is older",1774394953501,2026-03-24,17743949535012p0515gnq
Galileo Condominiums,Galileo Condominiums,3 Bed / 2 Bath,3000,FALSE,FALSE,0,FALSE,50,TRUE,August,2024,Elevator tends to break every so often,1772578500252,2026-03-03,1772578500252xbtn2q6gg
GrandMarc Austin,GrandMarc Austin,4 Bed / 4 Bath,1199,FALSE,FALSE,0,FALSE,0,FALSE,October,2022,8/10 from Cockrell. Walk time to campus is 5 - 10 min. Data from Wampus.fyi,1697894703000,2023-10-21,16978947030003ssh4bxle
GrandMarc Austin,GrandMarc Austin,3 Bed / 3 Bath,1309,FALSE,FALSE,0,FALSE,35,TRUE,June,2026,,1772179648975,2026-02-27,1772179648975xtlreah3u
GrandMarc Austin,GrandMarc Austin,3 Bed / 3 Bath,1365,FALSE,FALSE,0,FALSE,40,TRUE,November,2024,Includes gym and pool,1772505999982,2026-03-03,1772505999982youd7k424
GrandMarc Austin,GrandMarc Austin,2 Bed / 2 Bath,1785,FALSE,FALSE,0,FALSE,90,TRUE,January,2024,H,1773219425455,2026-03-11,1773219425455tohir7q6a
GrandMarc Austin,GrandMarc Austin,2 Bed / 2 Bath,1299,FALSE,FALSE,0,FALSE,60,TRUE,August,2026,Old,1773883078774,2026-03-19,1773883078774qok1zg4q3
GrandMarc Austin,GrandMarc Austin,1 Bed / 1 Bath,1680,FALSE,TRUE,0,FALSE,20,TRUE,August,2025,"includes study room,  gym and pool",1777511099763,2026-04-30,1777511099763hkngc21xk
GrandMarc Austin,GrandMarc Austin,1 Bed / 1 Bath,1999,FALSE,TRUE,200,FALSE,80,TRUE,April,2025,One of the closest apartments to campus and includes gated garage and a secure building. Occasionally an elevator breaks down but they typically fix it pretty fast.,1777529588770,2026-04-30,1777529588770j4hbk33fm
Greenwood Condominiums,Greenwood Condominiums,1 Bed / 1 Bath,1250,FALSE,FALSE,0,FALSE,75,TRUE,July,2025,"Laundry room, not really other amenities. Very quiet.",1775245026356,2026-04-03,1775245026356wwhwkirub
Halstead Co-op,Halstead Co-op,1 Bed / 1 Bath,1100,FALSE,FALSE,0,FALSE,0,TRUE,August,2025,Elevator bad,1773728253689,2026-03-17,1773728253689s480nm9zx
Haus 535,Haus 5350,4 Bed / 2 Bath,2005,FALSE,FALSE,0,FALSE,0,TRUE,June,2026,,1772064419770,2026-02-26,1772064419770020jw8wkd
Haus 535,Haus 5350,4 Bed / 4 Bath,995,FALSE,FALSE,0,FALSE,55,TRUE,August,2025,Close to campus ig,1772557723965,2026-03-03,177255772396573itcciy0
Haus 535,Haus 5350,2 Bed / 2 Bath,1200,FALSE,FALSE,0,FALSE,50,TRUE,January,2024,Svhd,1772689290222,2026-03-05,17726892902229ss4rh3q7
Haus 535,Haus 5350,2 Bed / 2 Bath,1745,FALSE,FALSE,0,FALSE,50,TRUE,April,2024,Ue,1773365907950,2026-03-13,17733659079508jhs6axf9
High Point Preserve,High Point Preserve,1 Bed / 1 Bath,1200,FALSE,FALSE,0,FALSE,75,TRUE,August,2025,"Not close to campus
2 gyms, 2 pools",1772552970371,2026-03-03,17725529703718kj5g5q5v
Hillside Creek,Hillside Creek,2 Bed / 2 Bath,1655,FALSE,FALSE,0,FALSE,100,TRUE,August,2026,"No elevators, Laundry units constantly out of order, kind of in a sketchy location",1772500741875,2026-03-03,1772500741875ra0wwojyh
Hilltop,Hilltop,4 Bed / 4 Bath,1000,FALSE,FALSE,0,FALSE,10,TRUE,,,I am subleaseing so mine is cheaper than usual. no issues so far,1771639359000,2026-02-21,seed_1771639359000_d82b82
Hilltop,Hilltop,4 Bed / 4 Bath,1075,FALSE,TRUE,200,FALSE,30,TRUE,,,Management is great and maintenance is super quick to fix things. I’ve really loved living here but my only complaint is that the walls are super thin and all of the furniture/cabinets is super cheaply made. They have really good deals for you to resign with them. My first year lease was 1075 but now I pay 999. There’s lots of frat houses near here so you WILL hear them when they have parties. I can sometimes also hear parties coming from upstairs. I’ve only spotted nats since the two years I’ve stayed here but overall pretty free of bugs. 15 minute walk from campus. I believe SMART housing gets a 150 dollar discount but with new management they’re taking it away from some units like mine :\,1771901421000,2026-02-24,seed_1771901421000_de9119
Hilltop,Hilltop,4 Bed / 4 Bath,1145,FALSE,FALSE,0,FALSE,50,TRUE,November,2024,"Pool, printer, fast maintenance",1772575676543,2026-03-03,1772575676543jihlnoa4j
Hilltop,Hilltop,1 Bed / 1 Bath,990,TRUE,FALSE,0,FALSE,30,TRUE,August,2025,"Pool is closed, walls are thin, not many amenities, overpriced",1772594343284,2026-03-04,1772594343284utd1qlerj
Hilltop,Hilltop,4 Bed / 4 Bath,1215,FALSE,FALSE,0,FALSE,0,TRUE,December,2025,"15 minutes from campus, pool is currently closed, parking is expensive, walls are thin",1772643639521,2026-03-04,1772643639521w57q4j3c0
Hilltop,Hilltop,4 Bed / 4 Bath,1050,FALSE,FALSE,0,FALSE,50,TRUE,August,2026,Pool is renovating,1772676339992,2026-03-05,17726763399936jfhio8ap
Hilltop,Hilltop,4 Bed / 4 Bath,1020,FALSE,FALSE,0,FALSE,30,TRUE,May,2025,"Gym, Pool",1772688487983,2026-03-05,17726884879838wbljl8gn
Hilltop,Hilltop,4 Bed / 4 Bath,1275,FALSE,FALSE,0,FALSE,0,TRUE,November,2025,Includes gym,1772688768810,2026-03-05,1772688768810yb6tjnmiy
Hilltop,Hilltop,4 Bed / 4 Bath,1195,FALSE,FALSE,0,FALSE,20,TRUE,February,2026,Goof,1772722406001,2026-03-05,1772722406001nar0l7s7j
Hilltop,Hilltop,4 Bed / 4 Bath,1200,FALSE,FALSE,0,FALSE,0,TRUE,February,2026,All good,1772722596296,2026-03-05,1772722596296d0yyjjfja
Hilltop,Hilltop,4 Bed / 4 Bath,1190,FALSE,FALSE,0,FALSE,60,TRUE,October,2024,Amenity level/pool has been under construction all school year,1772731705156,2026-03-05,1772731705157n5xrso0u5
Hilltop,Hilltop,4 Bed / 4 Bath,1040,FALSE,FALSE,0,FALSE,45,TRUE,May,2026,J,1772747871551,2026-03-05,1772747871551g4n697i8s
Hilltop,Hilltop,4 Bed / 4 Bath,1195,FALSE,FALSE,0,FALSE,25,TRUE,February,2026,Good,1772831338343,2026-03-06,17728313383431kouvjzyv
Hilltop,Hilltop,4 Bed / 4 Bath,1110,FALSE,FALSE,0,FALSE,30,TRUE,August,2025,"includes gym, pool",1773272666896,2026-03-11,1773272666896ao4abjrwv
Hilltop,Hilltop,5 Bed / 4 Bath,750,FALSE,FALSE,0,FALSE,0,TRUE,August,2026,*,1773298102252,2026-03-12,1773298102253lr1cycxow
Hilltop,Hilltop,4 Bed / 4 Bath,1076,FALSE,FALSE,0,FALSE,50,TRUE,January,2024,no issues!,1773331395010,2026-03-12,1773331395010rdhounqdc
Hilltop,Hilltop,4 Bed / 4 Bath,1095,FALSE,FALSE,0,FALSE,0,TRUE,August,2026,(SMART Housing),1773360493200,2026-03-13,1773360493200goioa80f7
Hilltop,Hilltop,5 Bed / 4 Bath,1175,FALSE,FALSE,0,FALSE,40,TRUE,October,2024,Far from campus,1773422594545,2026-03-13,1773422594545v67r5lrgm
Hilltop,Hilltop,5 Bed / 4 Bath,1175,FALSE,FALSE,0,FALSE,30,TRUE,October,2024,"Pool closed entire semester, Gym ok",1773775089477,2026-03-17,1773775089477iue7gufm2
Hilltop,Hilltop,4 Bed / 4 Bath,1150,FALSE,FALSE,0,FALSE,3,TRUE,August,2025,Good place,1773875336966,2026-03-18,1773875336967btqqe20yw
Hilltop,Hilltop,4 Bed / 4 Bath,1290,FALSE,FALSE,0,FALSE,30,TRUE,October,2025,Bit far from campus,1773891455656,2026-03-19,1773891455657v2k50tr0x
Hilltop,Hilltop,4 Bed / 4 Bath,1215,FALSE,FALSE,0,FALSE,40,TRUE,August,2025,n/a,1773898364943,2026-03-19,1773898364944frfuemqot
Hilltop,Hilltop,4 Bed / 4 Bath,1000,FALSE,FALSE,0,FALSE,25,TRUE,October,2025,"Elevators always available, never a long wait, also has decent gym",1774302077773,2026-03-23,1774302077773qwk3emio3
Hilltop,Hilltop,4 Bed / 4 Bath,1000,FALSE,FALSE,0,FALSE,25,TRUE,October,2026,Duplicate,1774302731538,2026-03-23,17743027315390lgkocddw
Hilltop,Hilltop,4 Bed / 3 Bath,1270,FALSE,FALSE,0,FALSE,30,TRUE,August,2024,pool under construction,1774876046433,2026-03-30,1774876046433mnh94scfj
Hilltop,Hilltop,5 Bed / 5 Bath,1110,FALSE,FALSE,0,FALSE,85,TRUE,April,2026,Good amenities,1774928880219,2026-03-31,17749288802195xq7qd16q
Hilltop,Hilltop,2 Bed / 2 Bath,1350,FALSE,FALSE,0,FALSE,0,TRUE,January,2026,gym and pool,1774990997669,2026-03-31,1774990997669tzb1zv4fx
Hilltop,Hilltop,4 Bed / 4 Bath,1099,FALSE,FALSE,0,FALSE,30,TRUE,March,2026,"printing, ability to lock your own room, larger gym than other wampus places",1774995844782,2026-03-31,1774995844782r8w9ya13a
Hilltop,Hilltop,4 Bed / 4 Bath,870,TRUE,FALSE,0,FALSE,16,TRUE,October,2024,It's fine,1775859059939,2026-04-10,1775859059939yvzp2m5qp
Hilltop,Hilltop,2 Bed / 2 Bath,1350,FALSE,FALSE,0,FALSE,0,TRUE,January,2026,includes gym and pool,1776275463739,2026-04-15,17762754637390r2e37jwi
Hilltop,Hilltop,4 Bed / 4 Bath,1275,FALSE,FALSE,0,FALSE,0,TRUE,October,2025,gym and pool,1776326295517,2026-04-16,1776326295517dpibcrvn6
Hilltop,Hilltop,4 Bed / 4 Bath,1350,FALSE,FALSE,0,FALSE,0,TRUE,November,2025,Includes gym and pool,1776586815684,2026-04-19,1776586815685vypde0540
Hilltop,Hilltop,4 Bed / 4 Bath,1030,FALSE,TRUE,0,FALSE,50,TRUE,May,2025,Pretty good,1778795296935,2026-05-14,1778795296935rh25pynzg
Hilltop,Hilltop,4 Bed / 4 Bath,1110,FALSE,TRUE,150,FALSE,45,TRUE,August,2026,Cheaper with smart housing,1781636373925,2026-06-16,17816363739253dffb8hrj
Hyde Park Court,Hyde Park Court,4 Bed / 4 Bath,1745,FALSE,FALSE,0,FALSE,165,TRUE,February,2026,,1772165110802,2026-02-27,1772165110802ztj2pfelz
Icon at Austin,Icon at Austin,2 Bed / 2 Bath,1670,FALSE,TRUE,200,FALSE,30,TRUE,,,"N/A. Amazing, although elevators occasionally have had issues + gym treadmills",1771520802000,2026-02-19,seed_1771520802000_01a8d6
Icon at Austin,Icon at Austin,1 Bed / 1 Bath,2100,FALSE,TRUE,260,FALSE,50,TRUE,,,It’s new. Brand new nice amenities close to campus,1771726750000,2026-02-22,seed_1771726750000_80caf7
Icon at Austin,Icon at Austin,4 Bed / 4 Bath,1259,FALSE,FALSE,0,FALSE,8,TRUE,April,2025,Very nice,1772561803104,2026-03-03,1772561803104kh42q4jnx
Icon at Austin,Icon at Austin,2 Bed / 2 Bath,1660,FALSE,FALSE,0,FALSE,20,TRUE,July,2026,.,1772600356508,2026-03-04,1772600356509y4frt5pnv
Icon at Austin,Icon at Austin,3 Bed / 3 Bath,1450,FALSE,FALSE,0,FALSE,10,TRUE,June,2024,N/A,1772696832500,2026-03-05,1772696832500ykl09ztp4
Icon at Austin,Icon at Austin,4 Bed / 4 Bath,1510,FALSE,FALSE,0,FALSE,0,TRUE,August,2026,Good,1772827992659,2026-03-06,17728279926592zmydeek2
Icon at Austin,Icon at Austin,5 Bed / 5 Bath,1400,FALSE,FALSE,0,FALSE,20,TRUE,May,2025,"Ceiling fan fell out of ceiling. Elevators free falling. Ceiling fan I think had recall manufacturer came out to check all of them 6 months in. Laminate wood floors peeling up. Everything seems to be installed crooked like the tv, light switches, outlets, counter.",1773178028517,2026-03-10,1773178028517d1w1o3jof
Icon at Austin,Icon at Austin,4 Bed / 4 Bath,1419,FALSE,FALSE,0,FALSE,40,TRUE,August,2024,Way too expensive for such a small space,1773376217409,2026-03-13,177337621740974ro47sxj
Icon at Austin,Icon at Austin,4 Bed / 4 Bath,1250,FALSE,FALSE,0,FALSE,30,TRUE,January,2026,None,1773811140919,2026-03-18,17738111409192ujlf1tz2
Icon at Austin,Icon at Austin,4 Bed / 4 Bath,1385,FALSE,FALSE,0,FALSE,25,TRUE,May,2025,Super nice gym and amenities,1773852715022,2026-03-18,1773852715022pcq5aucbd
Icon at Austin,Icon at Austin,4 Bed / 4 Bath,1430,FALSE,FALSE,0,FALSE,50,TRUE,August,2024,r nice view,1774152907233,2026-03-22,1774152907233bp2oqxzsq
Icon at Austin,Icon at Austin,4 Bed / 4 Bath,1399,FALSE,FALSE,0,FALSE,42,TRUE,May,2025,"It's fine, amenities are nice, maintenance is decent",1774320847318,2026-03-24,1774320847318kfiot9bb7
Icon at Austin,Icon at Austin,2 Bed / 2 Bath,1500,FALSE,FALSE,0,FALSE,20,TRUE,July,2025,"small kitchen/living area. elevators sometimes don’t work but get fixed pretty quickly, no issues",1774638106363,2026-03-27,17746381063633yhgquwdw
Icon at Austin,Icon at Austin,4 Bed / 4 Bath,1399,FALSE,FALSE,0,FALSE,20,TRUE,May,2025,na,1774823430541,2026-03-29,1774823430541c6v4a135e
Icon at Austin,Icon at Austin,2 Bed / 2 Bath,1670,FALSE,FALSE,0,FALSE,15,TRUE,November,2024,"New appliances, Small rooms",1774832165253,2026-03-30,17748321652531lxi1kj6p
Icon at Austin,Icon at Austin,5 Bed / 5 Bath,1179,FALSE,FALSE,0,FALSE,90,TRUE,April,2025,Roommates fan fell from ceiling,1775605277831,2026-04-07,1775605277831f3pjbxoan
Icon at Austin,Icon at Austin,5 Bed / 5 Bath,1275,FALSE,FALSE,0,FALSE,30,TRUE,September,2025,"close to campus, good gym, nice study area",1775762952874,2026-04-09,1775762952874obicgoi4f
Icon at Austin,Icon at Austin,4 Bed / 4 Bath,1440,FALSE,FALSE,0,FALSE,0,TRUE,August,2025,Good amenities,1776015828701,2026-04-12,1776015828701sjzd4w3ui
Icon at Austin,Icon at Austin,5 Bed / 5 Bath,1209,FALSE,FALSE,0,FALSE,15,TRUE,August,2025,"close to campus, great views all around, nice gym, not a lot of study rooms.",1776193863043,2026-04-14,17761938630447rybn63op
Icon at Austin,Icon at Austin,5 Bed / 5 Bath,1444,FALSE,TRUE,225,FALSE,25,TRUE,October,2024,Long elevator waits,1778098505683,2026-05-06,1778098505683kkx40qw1q
Icon at Austin,Icon at Austin,5 Bed / 5 Bath,1625,FALSE,FALSE,0,FALSE,0,TRUE,January,2026,Haven’t moved in yet,1779774363030,2026-05-26,1779774363030vwj4w2avt
Inspire on 22nd,Inspire on 22nd,3 Bed / 3 Bath,1300,FALSE,FALSE,0,FALSE,0,FALSE,November,2022,9/10 from CNS. Walk time to campus is 11 - 15 min. Data from Wampus.fyi,1697896873000,2023-10-21,1697896873000y1ywod41p
Inspire on 22nd,Inspire on 22nd,3 Bed / 3 Bath,1310,FALSE,FALSE,0,FALSE,20,TRUE,,,Management is pretty good but some amenities limited to when office is open,1771694049000,2026-02-21,seed_1771694049000_693d32
Inspire on 22nd,Inspire on 22nd,4 Bed / 4 Bath,1350,FALSE,FALSE,0,FALSE,30,TRUE,January,2026,,1772167905716,2026-02-27,1772167905716gvmvfwl16
Inspire on 22nd,Inspire on 22nd,3 Bed / 3 Bath,1330,FALSE,FALSE,0,FALSE,50,TRUE,August,2026,"Quiet, Gym, Study Rooms",1772508923115,2026-03-03,1772508923116ui4ykhydt
Inspire on 22nd,Inspire on 22nd,3 Bed / 3 Bath,830,TRUE,FALSE,0,FALSE,25,TRUE,August,2025,"includes gym, fast management, rooftop pool, study room",1772662709708,2026-03-04,1772662709708s21bofg3n
Inspire on 22nd,Inspire on 22nd,4 Bed / 4 Bath,1580,FALSE,FALSE,0,FALSE,150,TRUE,September,2024,"Elevator, pool, gym, study area, and lounge",1772689664506,2026-03-05,1772689664506o54f9tiug
Inspire on 22nd,Inspire on 22nd,4 Bed / 2 Bath,1295,FALSE,FALSE,0,FALSE,55,TRUE,February,2025,none,1772852805790,2026-03-07,1772852805790hoey81uqg
Inspire on 22nd,Inspire on 22nd,3 Bed / 3 Bath,1405,FALSE,FALSE,0,FALSE,0,TRUE,July,2026,"Gym and pool, close to ut campus, attentive staff",1773869242744,2026-03-18,1773869242744iemad5bnr
Inspire on 22nd,Inspire on 22nd,4 Bed / 4 Bath,1250,FALSE,FALSE,0,FALSE,0,TRUE,October,2025,"Very average amenities 
But elevators work fine and if they do break it’s usually fixed same day 
Maintenance is very fast",1773878244056,2026-03-18,1773878244056009mnk12q
Inspire on 22nd,Inspire on 22nd,4 Bed / 4 Bath,1350,FALSE,FALSE,0,FALSE,30,TRUE,September,2025,"includes gym, pool, game room (although half the equipment doesn't)",1773886111992,2026-03-19,1773886111992lth8aaz4g
Inspire on 22nd,Inspire on 22nd,5 Bed / 5 Bath,1180,FALSE,FALSE,0,FALSE,40,TRUE,June,2025,Not very cleanly,1774135600948,2026-03-21,17741356009482m8ep3x15
Inspire on 22nd,Inspire on 22nd,3 Bed / 3 Bath,1575,FALSE,FALSE,0,FALSE,20,TRUE,February,2026,"gym, pool, study spaces",1774907959371,2026-03-30,1774907959371qxvhreal7
Inspire on 22nd,Inspire on 22nd,3 Bed / 3 Bath,1475,FALSE,FALSE,0,FALSE,55,TRUE,November,2024,Sus management,1774984349195,2026-03-31,1774984349195bi4ahqv88
Inspire on 22nd,Inspire on 22nd,5 Bed / 5 Bath,1300,FALSE,FALSE,0,FALSE,0,TRUE,August,2026,Idk,1775979720177,2026-04-12,1775979720177h0o7hf39s
Inspire on 22nd,Inspire on 22nd,5 Bed / 4 Bath,1190,FALSE,FALSE,0,FALSE,20,TRUE,November,2025,Good maintenance,1776272674452,2026-04-15,1776272674452ykpn5x7yp
Inspire on 22nd,Inspire on 22nd,4 Bed / 4 Bath,1350,FALSE,TRUE,0,FALSE,55,TRUE,June,2025,Decent gym,1776892669228,2026-04-22,1776892669228vr6d6rb8g
Inspire on 22nd,Inspire on 22nd,4 Bed / 4 Bath,1250,FALSE,FALSE,0,FALSE,0,TRUE,April,2026,Idk,1780457326065,2026-06-03,17804573260653lkx61o83
Ion Austin,Ion Austin,4 Bed / 4 Bath,1229,FALSE,FALSE,0,FALSE,0,FALSE,September,2022,8/10 from CNS. Walk time to campus is 11 - 15 min. Data from Wampus.fyi,1697890339000,2023-10-21,16978903390007s89b1qdf
Ion Austin,Ion Austin,4 Bed / 4 Bath,1200,FALSE,FALSE,0,FALSE,0,FALSE,November,2022,8/10 from McCombs. Walk time to campus is 5 - 10 min. Data from Wampus.fyi,1697890478000,2023-10-21,1697890478000rdg2v71q5
Ion Austin,Ion Austin,4 Bed / 4 Bath,1189,FALSE,FALSE,0,FALSE,0,FALSE,September,2022,8/10 from iSchool. Walk time to campus is 5 - 10 min. Data from Wampus.fyi,1697890495000,2023-10-21,1697890495000ys5ljr52m
Ion Austin,Ion Austin,3 Bed / 3 Bath,1179,FALSE,FALSE,0,FALSE,0,FALSE,September,2022,6/10 from McCombs. Walk time to campus is 5 - 10 min. Data from Wampus.fyi,1697890723000,2023-10-21,1697890723000sb89qh6fd
Ion Austin,Ion Austin,3 Bed / 3 Bath,1247,FALSE,FALSE,0,FALSE,0,FALSE,October,2022,6/10 from Cockrell. Walk time to campus is 5 - 10 min. Data from Wampus.fyi,1697890866000,2023-10-21,16978908660003o6jyvvqd
Ion Austin,Ion Austin,3 Bed / 3 Bath,1260,FALSE,FALSE,0,FALSE,0,FALSE,September,2022,10/10 from Cockrell. Walk time to campus is 11 - 15 min. Data from Wampus.fyi,1697891006000,2023-10-21,1697891006000ah4owukjj
Ion Austin,Ion Austin,1 Bed / 1 Bath,1480,FALSE,FALSE,0,FALSE,0,FALSE,September,2022,9/10 from CNS. Walk time to campus is 5 - 10 min. Data from Wampus.fyi,1697891203000,2023-10-21,16978912030008hk2l4sci
Ion Austin,Ion Austin,3 Bed / 3 Bath,1150,FALSE,FALSE,0,FALSE,0,FALSE,September,2022,6/10 from McCombs. Walk time to campus is 5 - 10 min. Data from Wampus.fyi,1697891397000,2023-10-21,1697891397000a72er4y4s
Ion Austin,Ion Austin,4 Bed / 4 Bath,1229,FALSE,FALSE,0,FALSE,0,FALSE,September,2022,8/10 from CNS. Walk time to campus is 5 - 10 min. Data from Wampus.fyi,1697891811000,2023-10-21,16978918110007kh1vvnhm
Ion Austin,Ion Austin,4 Bed / 4 Bath,1179,FALSE,FALSE,0,FALSE,0,FALSE,September,2022,9/10 from McCombs. Walk time to campus is 5 - 10 min. Data from Wampus.fyi,1697898306000,2023-10-21,1697898306000vmg1b8fyp
Ion Austin,Ion Austin,2 Bed / 2 Bath,1359,FALSE,FALSE,0,FALSE,0,FALSE,,,,1768518306199,2026-01-15,1768518306199
Ion Austin,Ion Austin,4 Bed / 4 Bath,1365,FALSE,FALSE,0,FALSE,0,TRUE,,,"Window fee was $30 a month, close by campus and everyone was living there",1771365299000,2026-02-17,seed_1771365299000_60f3e9
Ion Austin,Ion Austin,3 Bed / 3 Bath,1472,FALSE,FALSE,0,FALSE,0,TRUE,,,"Maintenance is very responsive, elevators though are down on a monthly basis",1771541938000,2026-02-19,seed_1771541938000_e963cb
Ion Austin,Ion Austin,4 Bed / 4 Bath,1265,FALSE,FALSE,0,FALSE,0,TRUE,,,Look around at different apartments and pick it cause we thought it was the cheapest relatively to other places near campus,1771918343000,2026-02-24,seed_1771918343000_21b37a
Ion Austin,Ion Austin,4 Bed / 4 Bath,1339,FALSE,FALSE,0,FALSE,0,TRUE,July,2026,,1772227541882,2026-02-27,1772227541882nzroxfydg
Ion Austin,Ion Austin,4 Bed / 4 Bath,1440,FALSE,FALSE,0,FALSE,0,TRUE,October,2026,,1772229579268,2026-02-27,1772229579268bugz6zjo2
Ion Austin,Ion Austin,4 Bed / 4 Bath,1250,FALSE,FALSE,0,FALSE,0,TRUE,January,2026,,1772296124763,2026-02-28,1772296124763aovgtykx8
Ion Austin,Ion Austin,4 Bed / 4 Bath,1200,FALSE,FALSE,0,FALSE,15,TRUE,August,2026,Includes gym and pool,1772467220391,2026-03-02,17724672203912oj6rtz0c
Ion Austin,Ion Austin,3 Bed / 3 Bath,1155,FALSE,FALSE,0,FALSE,0,TRUE,May,2025,Elevators are SO SLOW and never work,1772581094600,2026-03-03,1772581094600tx0xg5um5
Ion Austin,Ion Austin,4 Bed / 4 Bath,1140,FALSE,FALSE,0,FALSE,0,TRUE,March,2025,"Usually 1-2 elevators out of service, Includes gym and study rooms and pool,  close to campus",1772585211096,2026-03-04,1772585211096wgohnp9va
Ion Austin,Ion Austin,3 Bed / 3 Bath,1325,FALSE,FALSE,0,FALSE,0,TRUE,October,2024,Elevators always broken,1772639477688,2026-03-04,17726394776895iz4o0svj
Ion Austin,Ion Austin,4 Bed / 2 Bath,1380,FALSE,FALSE,0,FALSE,80,TRUE,August,2026,N/A,1772666258893,2026-03-04,1772666258893xb0mwi2yy
Ion Austin,Ion Austin,4 Bed / 4 Bath,1085,FALSE,FALSE,0,FALSE,0,TRUE,August,2025,broken elevator,1772673627307,2026-03-05,1772673627307cirr2d02c
Ion Austin,Ion Austin,3 Bed / 3 Bath,1450,FALSE,FALSE,0,FALSE,0,TRUE,October,2024,"I don’t pay for utilities or parking, elevators down alot",1772679798180,2026-03-05,1772679798180m3z3xsuy1
Ion Austin,Ion Austin,4 Bed / 4 Bath,1305,FALSE,FALSE,0,FALSE,0,TRUE,August,2025,Small-ish Rooms (non window),1772927254879,2026-03-07,1772927254879pnhy3hstf
Ion Austin,Ion Austin,4 Bed / 4 Bath,1264,FALSE,FALSE,0,FALSE,0,TRUE,August,2026,Nice,1773033426121,2026-03-09,17730334261217c500tuii
Ion Austin,Ion Austin,4 Bed / 4 Bath,1264,FALSE,FALSE,0,FALSE,0,TRUE,August,2026,nice,1773033507448,2026-03-09,1773033507448f2v6o78yx
Ion Austin,Ion Austin,3 Bed / 3 Bath,1540,FALSE,FALSE,0,FALSE,0,TRUE,October,2025,Broken elevator,1773102032291,2026-03-10,1773102032291ekztqgm4i
Ion Austin,Ion Austin,4 Bed / 4 Bath,1240,FALSE,FALSE,0,FALSE,0,TRUE,August,2025,Elevators are usually broken. I have smart housing. Parking is extra so I don’t have a car,1773181112318,2026-03-10,17731811123186zm99lf9h
Ion Austin,Ion Austin,4 Bed / 4 Bath,1117,FALSE,FALSE,0,FALSE,0,TRUE,June,2025,"broken elevators, no window, high floor fees, we don't pay for utilities",1773195355312,2026-03-11,1773195355312b2nx09ds4
Ion Austin,Ion Austin,3 Bed / 3 Bath,1365,FALSE,FALSE,0,FALSE,0,TRUE,August,2026,Possible roach issues,1773531232715,2026-03-14,177353123271582je4uy85
Ion Austin,Ion Austin,3 Bed / 3 Bath,1205,FALSE,FALSE,0,FALSE,0,TRUE,April,2025,Broken Elevators,1774055483499,2026-03-21,1774055483499irt251w5o
Ion Austin,Ion Austin,3 Bed / 3 Bath,1190,FALSE,FALSE,0,FALSE,0,TRUE,April,2025,Broken Elevator,1774055804122,2026-03-21,1774055804122x8ency06h
Ion Austin,Ion Austin,3 Bed / 3 Bath,1140,FALSE,FALSE,0,FALSE,0,TRUE,June,2025,elevators never work!!,1774108202664,2026-03-21,1774108202664723vchota
Ion Austin,Ion Austin,4 Bed / 4 Bath,1250,FALSE,FALSE,0,FALSE,0,TRUE,February,2025,"Broken elevator, close to campus",1774135652457,2026-03-21,1774135652457lt7pg7bwr
Ion Austin,Ion Austin,2 Bed / 2 Bath,1305,FALSE,FALSE,0,FALSE,0,TRUE,April,2025,N/A,1774324115764,2026-03-24,17743241157646nx8rhpgh
Ion Austin,Ion Austin,3 Bed / 3 Bath,1360,FALSE,FALSE,0,FALSE,0,TRUE,December,2024,Broken Elevator half the time,1774815401506,2026-03-29,1774815401506oksskia6i
Ion Austin,Ion Austin,3 Bed / 3 Bath,1195,FALSE,FALSE,0,FALSE,65,TRUE,September,2025,Broken elevator,1774922082368,2026-03-31,17749220823689npbgd5xk
Ion Austin,Ion Austin,1 Bed / 1 Bath,1825,FALSE,FALSE,0,FALSE,50,TRUE,September,2024,Elevators are super slow.,1775010062589,2026-04-01,1775010062589x98cqekcg
Ion Austin,Ion Austin,4 Bed / 4 Bath,1189,FALSE,FALSE,0,FALSE,50,TRUE,October,2024,Elevators always broken,1775100640830,2026-04-02,1775100640830sfxi78dwh
Ion Austin,Ion Austin,2 Bed / 2 Bath,1290,FALSE,FALSE,0,FALSE,0,TRUE,June,2026,elevator issues,1775452510055,2026-04-06,1775452510055wq8igxha2
Ion Austin,Ion Austin,4 Bed / 4 Bath,1110,FALSE,FALSE,0,FALSE,0,TRUE,April,2025,There is usually only one elevator working for 18 floors.,1775587773301,2026-04-07,17755877733015nzr78tvv
Ion Austin,Ion Austin,3 Bed / 3 Bath,1250,FALSE,FALSE,0,FALSE,50,TRUE,November,2025,broken elevator,1775844952895,2026-04-10,17758449528956wm9git4n
Ion Austin,Ion Austin,4 Bed / 4 Bath,1015,FALSE,FALSE,0,FALSE,0,TRUE,May,2026,decent,1776128271740,2026-04-14,17761282717402suw58h43
Ion Austin,Ion Austin,1 Bed / 1 Bath,1890,FALSE,TRUE,180,FALSE,0,TRUE,November,2025,close to campus,1777491969594,2026-04-29,17774919695946yzqa50ku
Ion Austin,Ion Austin,3 Bed / 3 Bath,1125,FALSE,FALSE,0,FALSE,0,TRUE,June,2025,Elevators never work!,1779322552645,2026-05-21,17793225526454xwpaef1k
Keystone Apartments,Keystone Apartments,1 Bed / 1 Bath,850,FALSE,FALSE,0,FALSE,0,TRUE,August,2025,"Unfurnished, No amenities",1773725567916,2026-03-17,1773725567917vedv98rbt
Landmark Square,Landmark Square,1 Bed / 1 Bath,1300,FALSE,FALSE,0,FALSE,100,TRUE,February,2026,"Wifi 30, Utilities (water and electricty) is about $70 during the summer and $80 in winter",1772174300562,2026-02-27,17721743005621wkczwmcs
Lantern Lane Condominiums,Lantern Lane Condominiums,2 Bed / 2 Bath,995,FALSE,FALSE,0,FALSE,50,TRUE,July,2025,"Old building, close to campus",1772592587814,2026-03-04,1772592587814csg6m8h1r
Lantern Lane Condominiums,Lantern Lane Condominiums,2 Bed / 2 Bath,1125,FALSE,FALSE,0,FALSE,150,TRUE,July,2026,"Close to campus, Free Parking Space, Old Appliances, Older Building.",1773295440318,2026-03-12,1773295440318xyixz1j79
Lantern Lane Condominiums,Lantern Lane Condominiums,2 Bed / 2 Bath,1200,FALSE,FALSE,0,FALSE,105,TRUE,July,2026,Broken elevator,1775611141260,2026-04-08,1775611141260en0er9s5z
Lark Austin,Lark Austin,2 Bed / 2 Bath,800,TRUE,FALSE,0,FALSE,0,FALSE,October,2022,7/10 from CNS. Walk time to campus is 11 - 15 min. Data from Wampus.fyi,1697890351000,2023-10-21,1697890351000nv1jgl47b
Lark Austin,Lark Austin,2 Bed / 2 Bath,775,TRUE,FALSE,0,FALSE,0,FALSE,September,2022,9/10 from CNS. Walk time to campus is 5 - 10 min. Data from Wampus.fyi,1697890358000,2023-10-21,1697890358000a1b3d7p9l
Lark Austin,Lark Austin,2 Bed / 2 Bath,800,TRUE,FALSE,0,FALSE,0,FALSE,September,2022,7/10 from CNS. Walk time to campus is 11 - 15 min. Data from Wampus.fyi,1697890461000,2023-10-21,1697890461000uf3n66w9a
Lark Austin,Lark Austin,4 Bed / 4 Bath,1205,FALSE,FALSE,0,FALSE,0,FALSE,October,2022,7/10 from CNS. Walk time to campus is 11 - 15 min. Data from Wampus.fyi,1697890496000,2023-10-21,1697890496000x5oizlipf
Lark Austin,Lark Austin,4 Bed / 4 Bath,1275,FALSE,FALSE,0,FALSE,0,FALSE,September,2022,9/10 from CNS. Walk time to campus is 5 - 10 min. Data from Wampus.fyi,1697890501000,2023-10-21,169789050100001kcjdfcx
Lark Austin,Lark Austin,5 Bed / 4 Bath,1100,FALSE,FALSE,0,FALSE,0,FALSE,October,2022,7/10 from McCombs. Walk time to campus is 11 - 15 min. Data from Wampus.fyi,1697890704000,2023-10-21,1697890704000h3q9gc4ew
Lark Austin,Lark Austin,3 Bed / 3 Bath,1230,FALSE,FALSE,0,FALSE,0,FALSE,September,2022,"4/10 from CNS, McCombs. Walk time to campus is 11 - 15 min. Data from Wampus.fyi",1697891535000,2023-10-21,16978915350009zta00ii5
Lark Austin,Lark Austin,2 Bed / 2 Bath,775,TRUE,FALSE,0,FALSE,0,FALSE,October,2022,9/10 from CNS. Walk time to campus is 11 - 15 min. Data from Wampus.fyi,1697894552000,2023-10-21,1697894552000s6ws83zdk
Lark Austin,Lark Austin,2 Bed / 2 Bath,994,TRUE,FALSE,0,FALSE,0,TRUE,,,"Double occupancy with 4 people in the house, only thing is sharing a bathroom can be difficult",1771369233000,2026-02-17,seed_1771369233000_20bad7
Lark Austin,Lark Austin,2 Bed / 2 Bath,914,TRUE,FALSE,0,FALSE,0,TRUE,,,Includes amenity fee's and window fee's. They decreased my rent from last year by around $100! Still double occupancy,1771369305000,2026-02-17,seed_1771369305000_c91470
Lark Austin,Lark Austin,3 Bed / 3 Bath,1266,FALSE,TRUE,150,FALSE,0,TRUE,,,Had a friend refer me here. Great middle of the road place.,1771782237000,2026-02-22,seed_1771782237000_4e79e8
Lark Austin,Lark Austin,4 Bed / 2 Bath,904,TRUE,TRUE,180,TRUE,0,TRUE,,,It’s double occ :/,1771902693000,2026-02-24,seed_1771902693000_440ef2
Lark Austin,Lark Austin,4 Bed / 4 Bath,1350,FALSE,FALSE,0,FALSE,0,TRUE,February,2026,,1772163276634,2026-02-27,17721632766345fzqhmfs3
Lark Austin,Lark Austin,2 Bed / 2 Bath,850,TRUE,FALSE,0,FALSE,65,TRUE,August,2026,Double Occupancy and Twin beds,1772177974344,2026-02-27,1772177974344jmeyvmbqv
Lark Austin,Lark Austin,4 Bed / 4 Bath,1350,FALSE,FALSE,0,FALSE,0,TRUE,August,2026,,1772296627742,2026-02-28,17722966277439pc4mbhmh
Lark Austin,Lark Austin,4 Bed / 4 Bath,1350,FALSE,FALSE,0,FALSE,0,TRUE,August,2026,,1772296897720,2026-02-28,1772296897720k4v9j44ty
Lark Austin,Lark Austin,3 Bed / 3 Bath,1400,FALSE,FALSE,0,FALSE,0,TRUE,January,2026,,1772404355923,2026-03-01,1772404355923nlftgng0p
Lark Austin,Lark Austin,3 Bed / 3 Bath,1450,FALSE,FALSE,0,FALSE,0,TRUE,October,2025,Has gym plus shared spaces,1772504695558,2026-03-03,1772504695558bysbtdsq6
Lark Austin,Lark Austin,3 Bed / 3 Bath,1330,FALSE,FALSE,0,FALSE,0,TRUE,January,2026,N/A,1772557139624,2026-03-03,1772557139624sagmnkw13
Lark Austin,Lark Austin,4 Bed / 2 Bath,920,TRUE,FALSE,0,FALSE,0,TRUE,August,2026,No,1772563040622,2026-03-03,17725630406235rsekgvlt
Lark Austin,Lark Austin,3 Bed / 3 Bath,1287,FALSE,FALSE,0,FALSE,0,TRUE,February,2025,One elevator is usually broken. No real study spaces. Non strict guest policy. Allowed to have pets with pet fee. I have an XL so I have more space.,1772577431807,2026-03-03,1772577431807pef9isd17
Lark Austin,Lark Austin,4 Bed / 4 Bath,1365,FALSE,FALSE,0,FALSE,0,TRUE,August,2024,"Close to campus, small pool",1772659880698,2026-03-04,177265988069837aaqz2fm
Lark Austin,Lark Austin,3 Bed / 3 Bath,1200,FALSE,FALSE,0,FALSE,65,TRUE,August,2026,N/a,1772693400285,2026-03-05,17726934002853ldniky3a
Lark Austin,Lark Austin,2 Bed / 2 Bath,1409,FALSE,FALSE,0,FALSE,0,TRUE,October,2024,"Elevators break often, less so this semester",1772926224686,2026-03-07,177292622468695ww040ru
Lark Austin,Lark Austin,3 Bed / 3 Bath,1181,FALSE,FALSE,0,FALSE,0,TRUE,August,2024,No issues,1772960815304,2026-03-08,1772960815304fp2n2u6h7
Lark Austin,Lark Austin,4 Bed / 4 Bath,1420,FALSE,FALSE,0,FALSE,0,TRUE,August,2024,Nice rooms,1773030458105,2026-03-09,1773030458105832ldtg8e
Lark Austin,Lark Austin,2 Bed / 2 Bath,935,TRUE,FALSE,0,FALSE,0,TRUE,January,2026,Nice rooms,1773049099953,2026-03-09,1773049099953x1759vq9y
Lark Austin,Lark Austin,2 Bed / 2 Bath,750,TRUE,FALSE,0,FALSE,40,TRUE,March,2026,"maintenance is good, but the apartment it self is not the best, its pretty old and the hallways are not the cleanest",1773943497549,2026-03-19,1773943497549ynqgjwy65
Lark Austin,Lark Austin,4 Bed / 4 Bath,1045,TRUE,FALSE,0,FALSE,0,TRUE,September,2024,"Close to campus, no staff on weekends so lobby gets extremely dirty, security is terrible, amenities are fine but cannot host in upstairs lounge due to annoying music constantly playing",1774030494377,2026-03-20,1774030494377dwnydmprh
Lark Austin,Lark Austin,3 Bed / 3 Bath,1340,FALSE,FALSE,0,FALSE,0,TRUE,October,2024,Always broken elevator,1774202710948,2026-03-22,177420271094886z5fnjdi
Lark Austin,Lark Austin,3 Bed / 3 Bath,1325,FALSE,FALSE,0,FALSE,0,TRUE,January,2026,Includes gym and pool,1774928544784,2026-03-31,1774928544784uwwmpfw32
Lark Austin,Lark Austin,4 Bed / 4 Bath,950,TRUE,FALSE,0,FALSE,65,TRUE,March,2026,"Pretty standard, bugs have just started showing up unfortunately",1774995300946,2026-03-31,1774995300946x70vc21lr
Lark Austin,Lark Austin,2 Bed / 2 Bath,890,FALSE,FALSE,0,FALSE,65,TRUE,August,2025,Good,1775008613242,2026-04-01,1775008613242kxcfmw5eb
Lark Austin,Lark Austin,2 Bed / 2 Bath,800,TRUE,FALSE,0,FALSE,65,TRUE,February,2026,High floor rent and no window,1775438139688,2026-04-06,17754381396887pxb0xjp3
Lark Austin,Lark Austin,2 Bed / 2 Bath,800,TRUE,FALSE,0,FALSE,65,TRUE,February,2026,high floor rent with no windows,1775438646148,2026-04-06,1775438646148ppswsg8ol
Lark Austin,Lark Austin,4 Bed / 4 Bath,1325,FALSE,FALSE,0,FALSE,60,TRUE,June,2025,Na,1775787272238,2026-04-10,1775787272238z298tw9se
Lark Austin,Lark Austin,4 Bed / 4 Bath,1355,FALSE,FALSE,0,FALSE,80,TRUE,January,2026,.,1776124037024,2026-04-13,1776124037024nvhssahvu
Lark Austin,Lark Austin,2 Bed / 2 Bath,800,FALSE,TRUE,0,FALSE,0,TRUE,May,2026,n/a,1776962047805,2026-04-23,1776962047805cig8ld3s3
Lark Austin,Lark Austin,4 Bed / 4 Bath,755,TRUE,FALSE,0,FALSE,0,TRUE,August,2025,"it was fine, not anything special, elevator constantly broke though",1779373708361,2026-05-21,1779373708361fn13qbsik
Lark Austin,Lark Austin,Studio,1875,FALSE,TRUE,0,FALSE,0,TRUE,June,2026,N/A,1782573032845,2026-06-27,17825730328455mrd5lxvf
Laurel House Co-op,Laurel House Co-op,2 Bed / 1 Bath,1100,FALSE,TRUE,27,FALSE,0,TRUE,,,"I’ve heard about co-ops from a friend, then I looked them up and researched them myself.. It’s good for the price you pay, but don’t expect anything luxurious. I’m happy with having my own room and sharing a bathroom with my roommate, but it’s definitely not anything fancy and you’ll have to do labor to keep the co-op running (cooking, cleaning, etc). It's also only $335 for the whole year! and food is included in the price!",1771375456000,2026-02-18,seed_1771375456000_cbc69c
Legacy on Rio,Legacy on Rio,4 Bed / 4 Bath,1225,FALSE,FALSE,0,FALSE,0,TRUE,,,The usual events and stuff fee. Pretty standard each room is the same size and has a window but only one room with connected bathroom,1771633928000,2026-02-21,seed_1771633928000_33e53d
Legacy on Rio,Legacy on Rio,4 Bed / 2 Bath,1025,FALSE,FALSE,0,FALSE,50,TRUE,May,2026,,1772222815612,2026-02-27,1772222815612jtbshxk3u
Legacy on Rio,Legacy on Rio,4 Bed / 2 Bath,1025,FALSE,FALSE,0,FALSE,50,TRUE,June,2026,,1772222864666,2026-02-27,1772222864666txoxqx371
Legacy on Rio,Legacy on Rio,4 Bed / 2 Bath,999,FALSE,FALSE,0,FALSE,50,TRUE,August,2026,"Waived application fee and I am supposedly getting a $500 gift card. We’ll see about that though, still haven’t gotten it",1772252750007,2026-02-28,1772252750007ayc2yq10k
Legacy on Rio,Legacy on Rio,4 Bed / 2 Bath,860,FALSE,FALSE,0,FALSE,85,TRUE,January,2026,,1772351130823,2026-03-01,1772351130823cbd5hsul8
Legacy on Rio,Legacy on Rio,5 Bed / 5 Bath,1000,FALSE,FALSE,0,FALSE,50,TRUE,March,2026,,1772421682011,2026-03-02,1772421682011u4bkjq3dt
Legacy on Rio,Legacy on Rio,4 Bed / 4 Bath,1195,FALSE,FALSE,0,FALSE,50,TRUE,March,2026,No pool,1772559123574,2026-03-03,17725591235747gt3esc1r
Legacy on Rio,Legacy on Rio,5 Bed / 5 Bath,1050,FALSE,FALSE,0,FALSE,0,TRUE,September,2025,Include gym and no window in room,1772571291514,2026-03-03,1772571291514q8x99hq5t
Legacy on Rio,Legacy on Rio,3 Bed / 2 Bath,840,TRUE,FALSE,0,FALSE,50,TRUE,August,2025,"Includes gym, courtyard, rooftop area, vending machines, study spots, and a slide. Elavators are really slow. Maintenance is pretty good though!",1772573753015,2026-03-03,1772573753015loimpfjd9
Legacy on Rio,Legacy on Rio,5 Bed / 4 Bath,930,FALSE,FALSE,0,FALSE,0,TRUE,October,2025,Close to campus,1772663472261,2026-03-04,1772663472261e96c3krdi
Legacy on Rio,Legacy on Rio,4 Bed / 4 Bath,1305,FALSE,FALSE,0,FALSE,30,TRUE,August,2026,Close to campus,1772672419786,2026-03-05,1772672419786qhajev2oi
Legacy on Rio,Legacy on Rio,4 Bed / 2 Bath,1095,FALSE,FALSE,0,FALSE,35,TRUE,March,2025,"Amenities are ok, maintenance is really slow",1772688751127,2026-03-05,1772688751127n1mxoi02h
Legacy on Rio,Legacy on Rio,5 Bed / 4 Bath,937,FALSE,FALSE,0,FALSE,40,TRUE,September,2025,So good,1772754606915,2026-03-05,1772754606915lnswilick
Legacy on Rio,Legacy on Rio,4 Bed / 2 Bath,1010,FALSE,FALSE,0,FALSE,50,TRUE,August,2026,Close to campus,1773069711772,2026-03-09,17730697117727l0za93n5
Legacy on Rio,Legacy on Rio,4 Bed / 4 Bath,1270,FALSE,FALSE,0,FALSE,0,TRUE,November,2025,do not know,1773331679405,2026-03-12,1773331679405kf680tpff
Legacy on Rio,Legacy on Rio,4 Bed / 4 Bath,1275,FALSE,FALSE,0,FALSE,35,TRUE,October,2025,N/A,1773876121351,2026-03-18,1773876121351ar9grsftl
Legacy on Rio,Legacy on Rio,3 Bed / 2 Bath,1095,FALSE,FALSE,0,FALSE,0,TRUE,October,2025,N/A,1773898832656,2026-03-19,177389883265791lzh678h
Legacy on Rio,Legacy on Rio,3 Bed / 2 Bath,995,FALSE,FALSE,0,FALSE,30,TRUE,August,2026,Includes gym and study rooms as well as garden,1773914865647,2026-03-19,17739148656474emse5rnl
Legacy on Rio,Legacy on Rio,4 Bed / 4 Bath,1250,FALSE,FALSE,0,FALSE,80,TRUE,December,2024,"Further from campus, smaller apartment complex, small rooms",1774104367623,2026-03-21,1774104367623k9lnj4029
Legacy on Rio,Legacy on Rio,3 Bed / 3 Bath,1350,FALSE,FALSE,0,FALSE,60,TRUE,March,2026,close to campus decent amenities,1774279836832,2026-03-23,17742798368323s5e7ku16
Legacy on Rio,Legacy on Rio,3 Bed / 3 Bath,1350,FALSE,FALSE,0,FALSE,45,TRUE,March,2026,N/A,1774895210960,2026-03-30,1774895210960066262bep
Legacy on Rio,Legacy on Rio,4 Bed / 4 Bath,1305,FALSE,FALSE,0,FALSE,30,TRUE,November,2025,N/A,1774987896988,2026-03-31,1774987896988o61wzij0f
Legacy on Rio,Legacy on Rio,4 Bed / 4 Bath,1095,FALSE,FALSE,0,FALSE,0,TRUE,October,2025,N/A,1775165354229,2026-04-02,1775165354229qqnl42aqt
Legacy on Rio,Legacy on Rio,4 Bed / 4 Bath,1325,FALSE,FALSE,0,FALSE,0,TRUE,October,2026,None,1775166630258,2026-04-02,1775166630258u2f8fko9r
Legacy on Rio,Legacy on Rio,3 Bed / 3 Bath,1075,FALSE,FALSE,0,FALSE,0,TRUE,August,2026,N/a,1775499456483,2026-04-06,17754994564836xb528a6a
Legacy on Rio,Legacy on Rio,5 Bed / 5 Bath,1085,FALSE,FALSE,0,FALSE,50,TRUE,January,2026,idk?,1775509563811,2026-04-06,1775509563811bbb07iqhy
Legacy on Rio,Legacy on Rio,4 Bed / 4 Bath,1270,FALSE,FALSE,0,FALSE,0,TRUE,August,2026,none,1776029736675,2026-04-12,1776029736676yp17bq532
Legacy on Rio,Legacy on Rio,4 Bed / 4 Bath,1275,FALSE,FALSE,0,FALSE,0,TRUE,August,2026,none,1776039813586,2026-04-13,17760398135869o4eoyu6d
Legacy on Rio,Legacy on Rio,5 Bed / 4 Bath,965,FALSE,FALSE,0,FALSE,0,TRUE,July,2025,"Trash chutes can get full, has gym.",1776137045455,2026-04-14,1776137045455ai27ho23f
Legacy on Rio,Legacy on Rio,5 Bed / 4 Bath,937,FALSE,FALSE,0,FALSE,0,TRUE,October,2025,"Close to campus, no pool, gym, free printing",1776625903477,2026-04-19,1776625903477n3cz4yq5e
Legacy on Rio,Legacy on Rio,5 Bed / 4 Bath,860,FALSE,TRUE,175,FALSE,30,TRUE,July,2025,hidden fees,1778016860597,2026-05-05,1778016860598exrnn1don
Legacy on Rio,Legacy on Rio,4 Bed / 4 Bath,1185,FALSE,TRUE,270,FALSE,105,TRUE,February,2025,hidden fees,1778017038810,2026-05-05,1778017038810xa9tgzbx2
Legacy on Rio,Legacy on Rio,4 Bed / 2 Bath,1010,FALSE,FALSE,0,FALSE,50,TRUE,August,2026,"Gym, rooftop, study spaces",1782199107645,2026-06-23,1782199107645bvnanz9f3
Legacy on Rio,Legacy on Rio,4 Bed / 2 Bath,1120,FALSE,TRUE,185,FALSE,0,TRUE,October,2025,Gym,1784238491714,2026-07-16,1784238491714jbbe7136q
Leon Place Condominiums,Leon Place Condominiums,1 Bed / 1 Bath,1200,FALSE,FALSE,0,FALSE,100,TRUE,August,2024,Condominium is in condition.,1773871905237,2026-03-18,1773871905237byozmev9f
Littlefield Apartments,Littlefield Apartments,2 Bed / 2 Bath,920,FALSE,FALSE,0,FALSE,60,TRUE,August,2024,N/A,1772701418308,2026-03-05,1772701418308z1jwrlq3j
Lone Star Lofts,Lone Star Lofts,2 Bed / 2 Bath,790,FALSE,FALSE,0,FALSE,60,TRUE,August,2025,"No amenities, just an apartment.",1772727035501,2026-03-05,1772727035501m9bt56oek
Lone Star Lofts,Lone Star Lofts,2 Bed / 2 Bath,1600,FALSE,FALSE,0,FALSE,45,TRUE,August,2026,"Far west campus, large closets",1772896192697,2026-03-07,17728961926973ajwfj3ym
Lone Star Lofts,Lone Star Lofts,1 Bed / 1 Bath,925,FALSE,FALSE,0,FALSE,50,TRUE,August,2026,.,1773527667652,2026-03-14,17735276676522o2n25asw
Lone Star Lofts,Lone Star Lofts,4 Bed / 4 Bath,3255,FALSE,FALSE,0,FALSE,100,TRUE,July,2024,Terrible living conditions,1775012118418,2026-04-01,17750121184186c57xkdkv
Marq Uptown,Marq Uptown,1 Bed / 1 Bath,1823,FALSE,FALSE,0,FALSE,4,TRUE,,,"Lots of utilities, secure apartment, away from Wampus, great management",1771945533000,2026-02-24,seed_1771945533000_06df48
Marq Uptown,Marq Uptown,2 Bed / 2 Bath,1245,FALSE,FALSE,0,FALSE,50,TRUE,July,2025,Gym and pool,1772589860476,2026-03-04,1772589860476c1g9118j2
Marq Uptown,Marq Uptown,1 Bed / 1 Bath,1435,FALSE,FALSE,0,FALSE,85,TRUE,January,2026,Includes gym and pool,1772860141308,2026-03-07,1772860141308wv43bsocg
Marq Uptown,Marq Uptown,2 Bed / 2 Bath,1110,FALSE,FALSE,0,FALSE,75,TRUE,June,2026,Pool,1774836320861,2026-03-30,1774836320861qkz6mdh04
Marq on Burnet,Marq on Burnet,2 Bed / 2 Bath,750,FALSE,TRUE,0,FALSE,100,TRUE,May,2025,it’s a 15-20 minute drive north,1776638146419,2026-04-19,1776638146419vu3b4827x
Montage Apartments,Montage Apartments,1 Bed / 1 Bath,1300,FALSE,TRUE,0,FALSE,0,TRUE,,,"used google maps to find the location, just called the place. Various spacious but no laundry, but can accommodate my family when they come over",1771303195000,2026-02-17,seed_1771303195000_2bd3d6
Montage Apartments,Montage Apartments,1 Bed / 1 Bath,1165,TRUE,FALSE,0,FALSE,0,TRUE,August,2025,Good,1772946729376,2026-03-08,17729467293760sgo6b0j4
Moontower,Moontower,4 Bed / 4 Bath,1350,FALSE,FALSE,0,FALSE,0,FALSE,October,2022,"6/10 from CNS, McCombs. Walk time to campus is 5 - 10 min. Data from Wampus.fyi",1697891258000,2023-10-21,1697891258000jvabvmjua
Moontower,Moontower,4 Bed / 4 Bath,1030,FALSE,FALSE,0,FALSE,0,FALSE,October,2022,SMART Housing. 7/10 from CNS. Walk time to campus is 5 - 10 min. Data from Wampus.fyi,1697891700000,2023-10-21,1697891700000dqlzn9mon
Moontower,Moontower,2 Bed / 2 Bath,1725,FALSE,FALSE,0,FALSE,0,TRUE,August,2026,"close to campus, gym, cycle studio, yoga studio, pool",1772337858001,2026-03-01,17723378580012pw6hxt15
Moontower,Moontower,4 Bed / 4 Bath,1370,FALSE,FALSE,0,FALSE,50,TRUE,August,2025,Good but elevators always broken,1772558523773,2026-03-03,1772558523773tp07utgz8
Moontower,Moontower,4 Bed / 4 Bath,1250,FALSE,FALSE,0,FALSE,50,TRUE,October,2025,"Trash chute is broken, the floors outside the apartments are carpet and look nasty. They’ve had issues with water damage, so a few units had to spend sometime in a hotel.",1772585000813,2026-03-04,1772585000813dnhwejmx0
Moontower,Moontower,4 Bed / 4 Bath,1550,FALSE,FALSE,0,FALSE,40,TRUE,September,2025,No,1772594066309,2026-03-04,1772594066309ij4g84l3y
Moontower,Moontower,4 Bed / 4 Bath,1410,FALSE,FALSE,0,FALSE,50,TRUE,September,2025,n/a,1772638549759,2026-03-04,17726385497597oa0x6ygk
Moontower,Moontower,2 Bed / 2 Bath,1845,TRUE,FALSE,0,FALSE,25,TRUE,August,2025,"nice study space/gym, events, helpful/kind staff, elevators often broken, dirty floors, maintenance quick to respond",1772687805172,2026-03-05,1772687805172o6pjuht0t
Moontower,Moontower,4 Bed / 3 Bath,1455,FALSE,FALSE,0,FALSE,60,TRUE,August,2026,Pool renovation,1773157557201,2026-03-10,1773157557201dxhrzak6f
Moontower,Moontower,3 Bed / 3 Bath,1420,FALSE,FALSE,0,FALSE,40,TRUE,August,2026,Close to campus,1773185056105,2026-03-10,1773185056105dlcc66dzp
Moontower,Moontower,4 Bed / 4 Bath,1350,FALSE,FALSE,0,FALSE,55,TRUE,March,2025,Pool is closed and has been closed all throughout my lease,1773212098695,2026-03-11,1773212098695vjf4czubt
Moontower,Moontower,5 Bed / 5 Bath,1140,FALSE,FALSE,0,FALSE,40,TRUE,June,2025,"Close to campus, nice amenities, maintenance takes time, lower floors typically better",1773851526618,2026-03-18,17738515266183tsm01tnx
Moontower,Moontower,5 Bed / 5 Bath,1365,FALSE,FALSE,0,FALSE,80,TRUE,March,2025,Good amenities,1773875068052,2026-03-18,1773875068052torbeg015
Moontower,Moontower,5 Bed / 5 Bath,1370,FALSE,FALSE,0,FALSE,50,TRUE,August,2025,Elevator kinda slow and windows have no light,1773893294998,2026-03-19,1773893294998iv6mfqi2t
Moontower,Moontower,4 Bed / 4 Bath,1450,FALSE,FALSE,0,FALSE,45,TRUE,August,2026,"Broken Elevators, close to campus",1774222475052,2026-03-22,177422247505283rvb9itm
Moontower,Moontower,4 Bed / 4 Bath,1180,FALSE,FALSE,0,FALSE,45,TRUE,August,2025,n/a,1774286690236,2026-03-23,17742866902366czt54wc5
Moontower,Moontower,4 Bed / 4 Bath,1365,FALSE,FALSE,0,FALSE,35,TRUE,August,2025,Close to campus,1774313503004,2026-03-24,17743135030051v15g5osy
Moontower,Moontower,4 Bed / 4 Bath,1365,FALSE,FALSE,0,FALSE,35,TRUE,August,2025,Close to campus,1774379574417,2026-03-24,1774379574417ufq1e7jva
Moontower,Moontower,5 Bed / 5 Bath,1315,FALSE,FALSE,0,FALSE,35,TRUE,August,2026,good! humidity issues lower 7 floors,1774470887325,2026-03-25,1774470887325svf2w80cc
Moontower,Moontower,4 Bed / 4 Bath,1380,FALSE,FALSE,0,FALSE,35,TRUE,August,2025,Close to campus,1774561192331,2026-03-26,1774561192331x98qwiefx
Moontower,Moontower,5 Bed / 5 Bath,1350,FALSE,FALSE,0,FALSE,50,TRUE,August,2026,Na,1775427085840,2026-04-05,17754270858400ie0ocvqp
Moontower,Moontower,5 Bed / 5 Bath,1100,FALSE,FALSE,0,FALSE,0,TRUE,May,2025,Close to campus,1776121601331,2026-04-13,1776121601331cg6ahddsi
Moontower,Moontower,5 Bed / 5 Bath,1100,FALSE,FALSE,0,FALSE,0,TRUE,May,2025,idk,1776122004061,2026-04-13,1776122004061fgchsz0v7
Moontower,Moontower,4 Bed / 4 Bath,1415,FALSE,TRUE,0,FALSE,25,TRUE,August,2026,good,1778217503528,2026-05-08,17782175035289tgcxkr2u
Moontower,Moontower,4 Bed / 4 Bath,1425,FALSE,FALSE,0,FALSE,0,TRUE,November,2025,no,1779439443080,2026-05-22,1779439443080zula0ngci
Noble 2500,Noble 2500,4 Bed / 4 Bath,1200,FALSE,TRUE,225,FALSE,2500,TRUE,,,Haven't moved in yet! signed for 2026 fall!,1771451495000,2026-02-18,seed_1771451495000_8e531c
Noble 2500,Noble 2500,3 Bed / 3 Bath,1300,FALSE,TRUE,250,FALSE,65,TRUE,,,the parking just keeps increasing for no reason when I first signed it was only 150. Not crazy fancy but the space is fairly big and my room even had a balcony,1771572069000,2026-02-20,seed_1771572069000_54eb65
Noble 2500,Noble 2500,1 Bed / 1 Bath,2600,FALSE,FALSE,0,FALSE,100,TRUE,January,2026,,1772172349060,2026-02-27,17721723490611wemn8n3d
Noble 2500,Noble 2500,2 Bed / 2 Bath,1360,FALSE,FALSE,0,FALSE,0,TRUE,May,2025,Fire alarm used to go off soooo much like 3 times a month,1773173326503,2026-03-10,17731733265040fzkduoh9
Noble 2500,Noble 2500,2 Bed / 2 Bath,1499,FALSE,FALSE,0,FALSE,50,TRUE,August,2025,N/A,1773866525353,2026-03-18,1773866525353s80hdygoq
Noble 2500,Noble 2500,2 Bed / 2 Bath,1235,FALSE,FALSE,0,FALSE,20,TRUE,August,2025,Ammenities suck,1773877231596,2026-03-18,17738772315961ea6uh9t6
Noble 2500,Noble 2500,4 Bed / 4 Bath,1435,FALSE,FALSE,0,FALSE,50,TRUE,March,2025,Thin doors,1773889674864,2026-03-19,17738896748645fq4djmnx
Noble 2500,Noble 2500,2 Bed / 2 Bath,1335,FALSE,FALSE,0,FALSE,0,TRUE,May,2025,"Broken elevators, broken front door",1774641063668,2026-03-27,17746410636688kxsst29b
Noble 2500,Noble 2500,2 Bed / 2 Bath,1360,FALSE,FALSE,0,FALSE,0,TRUE,May,2025,Far from campus,1774889882368,2026-03-30,1774889882368g5d8fz28t
Noble 2500,Noble 2500,1 Bed / 1 Bath,2160,FALSE,FALSE,0,FALSE,80,TRUE,August,2026,Close to campus,1775221533772,2026-04-03,177522153377339e15o90e
Noble 2500,Noble 2500,1 Bed / 1 Bath,2185,FALSE,FALSE,0,FALSE,80,TRUE,August,2026,Close to campus,1775221846401,2026-04-03,17752218464012br6f61ml
Noble 2500,Noble 2500,4 Bed / 4 Bath,1170,FALSE,FALSE,0,FALSE,0,TRUE,August,2026,Close to campus,1775354902330,2026-04-05,1775354902330ddcc8czf0
Noble 2500,Noble 2500,1 Bed / 1 Bath,2239,FALSE,FALSE,0,FALSE,40,TRUE,July,2026,"broken elevator, paid parking spot is not protected, dirty hallways , very noisy",1776354465870,2026-04-16,177635446587092xkvyj3h
Noble 2500,Noble 2500,2 Bed / 2 Bath,1300,FALSE,TRUE,150,FALSE,55,TRUE,July,2025,Good amentities,1777413639141,2026-04-28,1777413639141khpa4l06i
Noble 2500,Noble 2500,2 Bed / 2 Bath,1300,FALSE,TRUE,150,FALSE,0,TRUE,July,2025,N/A,1777413776627,2026-04-28,1777413776627igr0a7k5w
Noble 2500,Noble 2500,2 Bed / 2 Bath,1349,FALSE,TRUE,250,FALSE,55,TRUE,April,2026,"It’s pretty good, looks small good for studying since it has a lot of study spaces in the building.",1777648465991,2026-05-01,1777648465991dkj4elnzs
Noble 2500,Noble 2500,2 Bed / 2 Bath,1349,FALSE,TRUE,250,FALSE,60,TRUE,April,2026,"Study spaces are great, quiet community - only drawback is the distance",1777648787341,2026-05-01,177764878734155gxh28h8
Noble 2500,Noble 2500,2 Bed / 2 Bath,1349,FALSE,TRUE,250,FALSE,65,TRUE,April,2026,Far from campus,1777648954849,2026-05-01,1777648954849eito4cnr7
Noble 2500,Noble 2500,4 Bed / 4 Bath,1320,FALSE,TRUE,0,FALSE,70,TRUE,August,2026,"Close to moody, elevators work, mid rise community",1777656506284,2026-05-01,1777656506284554m69d4d
Noble 2500,Noble 2500,2 Bed / 2 Bath,1300,FALSE,TRUE,0,FALSE,50,TRUE,July,2025,"Close to campus, good maintenance",1777656575459,2026-05-01,17776565754607g4uaitp2
Noble 2500,Noble 2500,4 Bed / 4 Bath,1365,FALSE,TRUE,150,FALSE,70,TRUE,August,2025,Hidden fees,1778513821917,2026-05-11,1778513821918ato5sosoz
Nueces Co-op,Nueces Co-op,4 Bed / 4 Bath,863,FALSE,TRUE,50,FALSE,0,TRUE,,,"500 deposit for parking but you get it back. Not a clean or modern apartment-style place. It kind of looks like a prison, but when you make it your own, it works out. It's the definition of “at least you have a head to rest”. You're required to do two hours of labor in order to live here. Labor includes: taking care of plants, cleaning walkways, cleaning elevators, cleaning the laundry room, etc. The CO-OP has 3 sections, which is why we're called the Super Co-op. The first and second floors are Laurel, the third is Nueces, and the fourth and fifth are Halstead. Nueces is the only section of the building where rooms have their own kitchen, and everyone has their own restroom. All the other floors have a communal kitchen, and as part of their labor, they also have to cook for everyone else, depending on what's on the menu. All of it is student ran so there is drama, but we do report to a main office.",1771687007000,2026-02-21,seed_1771687007000_cadffa
Nueces Corner Condos,Nueces Corner Condos,1 Bed / 1 Bath,835,FALSE,FALSE,0,FALSE,150,TRUE,,,"housing scout. older building, 1b1s don’t get in unit laundry",1771532223000,2026-02-19,seed_1771532223000_e3ea52
Oak Grove Apartments,Oak Grove Apartments,2 Bed / 2 Bath,1000,FALSE,FALSE,0,FALSE,0,TRUE,April,2025,"Lived with a friend who’s mom owns the condo, great space but janky water heater and A/C, this friend also kicked me out for next year so… west campus next!",1774313896921,2026-03-24,1774313896921aedeeo7ya
Oaks at Chisholm Trail,Oaks at Chisholm Trail,4 Bed / 4 Bath,750,FALSE,FALSE,0,FALSE,87,TRUE,March,2025,"In round rock, the whole house is 3000 and utilities are 350 total",1773715895109,2026-03-17,177371589510975t5ggv2n
Orange Tree Condominiums,Orange Tree Condominiums,3 Bed / 2 Bath,915,FALSE,TRUE,0,FALSE,70,TRUE,,,My room was converted into a bathroom so I have to share the upstair connected bathroom,1771563120000,2026-02-20,seed_1771563120000_b6589e
Orange Tree Condominiums,Orange Tree Condominiums,2 Bed / 2 Bath,1950,FALSE,TRUE,0,FALSE,90,TRUE,,,"Apartments.com, no hidden fees. Fully furnished, nice appliances, >1000 sq feet, Dw/D included, Hardwood Floors, all utilities except for electricity included, 10 minute walk to campus",1771710553000,2026-02-21,seed_1771710553000_06b960
Orange Tree Condominiums,Orange Tree Condominiums,2 Bed / 1 Bath,1250,FALSE,FALSE,0,FALSE,60,TRUE,August,2026,,1772232014403,2026-02-27,1772232014403rewsg2hj5
Orange Tree Condominiums,Orange Tree Condominiums,2 Bed / 2 Bath,1225,FALSE,FALSE,0,FALSE,100,TRUE,April,2024,Close to Campus,1773722069182,2026-03-17,1773722069182vh8ffiump
Orange Tree Condominiums,Orange Tree Condominiums,2 Bed / 1 Bath,1070,FALSE,FALSE,0,FALSE,100,TRUE,August,2025,roaches,1775278681921,2026-04-04,177527868192148edwqamf
Palmetto Condominiums,Palmetto Condominiums,2 Bed / 1 Bath,875,FALSE,FALSE,0,FALSE,50,TRUE,January,2026,"No amenities, included parked, included in-unit washer/dryer, close to campus and bus stops.",1772264542918,2026-02-28,177226454291815yb4001w
Palmetto Condominiums,Palmetto Condominiums,1 Bed / 1 Bath,1815,FALSE,FALSE,0,FALSE,90,TRUE,July,2024,Close to campus,1772597975085,2026-03-04,1772597975085bhwx0b1a0
Palmetto Condominiums,Palmetto Condominiums,1 Bed / 1 Bath,1815,FALSE,FALSE,0,FALSE,90,TRUE,July,2024,Spacious 750sq ft,1772598091724,2026-03-04,1772598091724fztyjleai
Parapet Condominiums,Parapet Condominiums,2 Bed / 2 Bath,1300,FALSE,FALSE,0,FALSE,0,TRUE,,,"Friend owned the condominium. Good Courtyard, it's a bit of a walk like 20min from Campus",1771302916000,2026-02-17,seed_1771302916000_d8a2b0
Parapet Condominiums,Parapet Condominiums,2 Bed / 2 Bath,1860,FALSE,FALSE,0,FALSE,0,TRUE,August,2026,free parking,1772571174281,2026-03-03,1772571174281do1tg3hzi
Park Place Condominiums,Park Place Condominiums,3 Bed / 2 Bath,2595,FALSE,FALSE,0,FALSE,50,TRUE,August,2026,Free parking and elevator included,1772233157961,2026-02-27,1772233157961a4er1xrds
Park Place Condominiums,Park Place Condominiums,3 Bed / 3 Bath,865,FALSE,FALSE,0,FALSE,60,TRUE,December,2024,convenient location,1776209032739,2026-04-14,1776209032739dn593o5r0
Pecan Square Apartments,Pecan Square Apartments,1 Bed / 1 Bath,1055,FALSE,TRUE,0,FALSE,75,TRUE,August,2024,Far from campus,1780891295091,2026-06-08,1780891295092mwlgupydr
Pecan Walks,Pecan Walks,3 Bed / 2 Bath,1008,FALSE,FALSE,0,FALSE,50,TRUE,July,2026,2 parking spots,1772736556336,2026-03-05,1772736556337omwti4ndq
Penthouse Apartments,Penthouse Apartments,4 Bed / 2 Bath,1360,FALSE,FALSE,0,FALSE,30,TRUE,August,2025,"Pool, spa pool, sauna, gym, 5 min walk to campus, 5 elevators, 1 or 2 don’t work couple times per week,",1773701839034,2026-03-16,1773701839034jtlku4u07
Piazza Navona Condominiums,Piazza Navona Condominiums,4 Bed / 4 Bath,1305,FALSE,FALSE,0,FALSE,40,TRUE,December,2025,idk fr,1774968132343,2026-03-31,1774968132343epa4enh43
Point North,Point North,3 Bed / 2 Bath,1300,TRUE,FALSE,0,FALSE,0,TRUE,August,2025,"Includes parking, utilities (washer/dryer, water, Wi-Fi, electricity, etc.), and gym, but it’s a little far from main campus",1774338494727,2026-03-24,17743384947271mrrt4guf
Point North,Point North,3 Bed / 2 Bath,1300,TRUE,FALSE,0,FALSE,0,TRUE,August,2025,"Includes parking (tandem), utilities (washer/dryer, water, Wi-Fi, electricity, etc.), and gym",1774339537481,2026-03-24,1774339537481dst0ujoys
Preserve at Wells Branch,Preserve at Wells Branch,1 Bed / 1 Bath,990,FALSE,FALSE,0,FALSE,200,TRUE,July,2025,Really far from campus,1773277816878,2026-03-12,1773277816878lo7psuyhf
Presidium Tech Ridge Apartments,Presidium Tech Ridge Apartments,2 Bed / 2 Bath,1995,FALSE,FALSE,0,FALSE,165,TRUE,January,2025,New. Maintenance is slow.,1772697842485,2026-03-05,1772697842485it1z6gr2j
Promontory Point,Promontory Point,1 Bed / 1 Bath,1005,FALSE,FALSE,0,FALSE,0,TRUE,April,2026,No elevators,1772556940094,2026-03-03,177255694009474j0yqixb
Quarters on Campus – Grayson,Quarters on Campus – Grayson,2 Bed / 2 Bath,1400,FALSE,FALSE,0,FALSE,40,TRUE,,,The cellings are very high and one of the rooms has a downtown view,1771303405000,2026-02-17,seed_1771303405000_474246
Quarters on Campus – Grayson,Quarters on Campus – Grayson,3 Bed / 3 Bath,1175,FALSE,FALSE,0,FALSE,60,TRUE,,,"Referred by someone, everything is a hidden fee. Spacious and decent but not worth pro w",1771645507000,2026-02-21,seed_1771645507000_642727
Quarters on Campus – Grayson,Quarters on Campus – Grayson,3 Bed / 3 Bath,1275,FALSE,FALSE,0,FALSE,50,TRUE,August,2026,gym,1772235126579,2026-02-27,1772235126579nqbdo0jur
Quarters on Campus – Grayson,Quarters on Campus – Grayson,4 Bed / 4 Bath,1230,FALSE,FALSE,0,FALSE,200,TRUE,August,2024,,1772432836675,2026-03-02,17724328366754k7lrg5px
Quarters on Campus – Grayson,Quarters on Campus – Grayson,3 Bed / 3 Bath,1290,FALSE,FALSE,0,FALSE,50,TRUE,August,2025,"Not many amenities, there's a nice study area and outdoor area, room quality is pretty good but could look a little more maintained and newer",1773217963997,2026-03-11,1773217963997guyes38fi
Quarters on Campus – Grayson,Quarters on Campus – Grayson,2 Bed / 2 Bath,1235,FALSE,FALSE,0,FALSE,50,TRUE,April,2026,good,1775153306059,2026-04-02,1775153306059vyrkholve
Quarters on Campus – Grayson,Quarters on Campus – Grayson,Unknown,1250,FALSE,FALSE,0,FALSE,0,TRUE,June,2026,"pretty close to campus, decent sized gym",1775547092763,2026-04-07,1775547092764kxll57mha
Quarters on Campus – Karnes House,Quarters on Campus – Karnes House,2 Bed / 2 Bath,900,FALSE,TRUE,100,FALSE,25,TRUE,,,"Rooms decent, but it's cheap and random roomates",1771365394000,2026-02-17,seed_1771365394000_b2d27b
Quarters on Campus – Karnes House,Quarters on Campus – Karnes House,1 Bed / 1 Bath,1075,FALSE,FALSE,0,FALSE,100,TRUE,May,2026,basically on the edge of campus,1772240409773,2026-02-28,1772240409773t0vrrdbt5
Quarters on Campus – Nueces,Quarters on Campus – Nueces,3 Bed / 3 Bath,1150,FALSE,FALSE,0,FALSE,0,FALSE,October,2022,8/10 from Cockrell. Walk time to campus is 5 - 10 min. Data from Wampus.fyi,1697890211000,2023-10-21,16978902110004sxbjaf7u
Quarters on Campus – Nueces,Quarters on Campus – Nueces,2 Bed / 2 Bath,1095,FALSE,FALSE,0,FALSE,0,FALSE,October,2022,7/10 from CNS. Walk time to campus is 11 - 15 min. Data from Wampus.fyi,1697893075000,2023-10-21,1697893075000wb0w96yyf
Quarters on Campus – Nueces,Quarters on Campus – Nueces,2 Bed / 2 Bath,675,TRUE,FALSE,0,FALSE,45,TRUE,August,2025,"close to campus, pool, study lounge, had some package stealing issues,",1772541631520,2026-03-03,1772541631520plqlkadka
Quarters on Campus – Nueces,Quarters on Campus – Nueces,2 Bed / 2 Bath,780,TRUE,FALSE,0,FALSE,70,TRUE,November,2024,"One broken elevator of three, not transparent about all fees, maintenance is very quick to respond.",1772718424787,2026-03-05,177271842478716qu54zo6
Quarters on Campus – Nueces,Quarters on Campus – Nueces,2 Bed / 2 Bath,675,TRUE,FALSE,0,FALSE,40,TRUE,August,2025,great!,1772740244694,2026-03-05,17727402446949xrc0iks2
Quarters on Campus – Nueces,Quarters on Campus – Nueces,2 Bed / 2 Bath,756,FALSE,FALSE,0,FALSE,25,TRUE,August,2026,"Close to campus, gym, study room and coffee station",1772750939808,2026-03-05,1772750939808u7zd5aayd
Quarters on Campus – Nueces,Quarters on Campus – Nueces,2 Bed / 2 Bath,1395,FALSE,FALSE,0,FALSE,90,TRUE,October,2024,Broken elevator,1773199834946,2026-03-11,1773199834946ig9l2e05v
Quarters on Campus – Nueces,Quarters on Campus – Nueces,3 Bed / 3 Bath,1200,FALSE,FALSE,0,FALSE,0,TRUE,February,2026,"I don’t know yet, I’ll live there next year.",1773283523206,2026-03-12,177328352320671fc92zf6
Quarters on Campus – Nueces,Quarters on Campus – Nueces,4 Bed / 2 Bath,695,FALSE,FALSE,0,FALSE,45,TRUE,May,2025,2 broken elevators,1773332217008,2026-03-12,1773332217009p5dnjwee9
Quarters on Campus – Nueces,Quarters on Campus – Nueces,4 Bed / 2 Bath,695,FALSE,FALSE,0,FALSE,45,TRUE,May,2025,Broken elevator,1773354678036,2026-03-12,177335467803684y18i3z9
Quarters on Campus – Nueces,Quarters on Campus – Nueces,4 Bed / 2 Bath,900,FALSE,FALSE,0,FALSE,40,TRUE,June,2025,"Mid gym, basically no amenities, decent study lounge",1773355759505,2026-03-12,1773355759505xoezmxonu
Quarters on Campus – Nueces,Quarters on Campus – Nueces,3 Bed / 3 Bath,1200,FALSE,FALSE,0,FALSE,0,TRUE,February,2026,idk,1773360112172,2026-03-13,17733601121727qdpg5iem
Quarters on Campus – Nueces,Quarters on Campus – Nueces,3 Bed / 3 Bath,1190,FALSE,FALSE,0,FALSE,65,TRUE,March,2026,"Pool, gym, study rooms",1773869012050,2026-03-18,1773869012050sl6z69l2r
Quarters on Campus – Nueces,Quarters on Campus – Nueces,2 Bed / 2 Bath,1245,FALSE,FALSE,0,FALSE,130,TRUE,October,2024,"Close to campus, broken laundry machine, old",1773885371636,2026-03-19,1773885371636skvaxi6zt
Quarters on Campus – Nueces,Quarters on Campus – Nueces,3 Bed / 3 Bath,1089,FALSE,FALSE,0,FALSE,0,TRUE,March,2026,Good amenities,1774419677881,2026-03-25,1774419677881myq92f6jl
Quarters on Campus – Nueces,Quarters on Campus – Nueces,2 Bed / 2 Bath,1300,FALSE,FALSE,0,FALSE,0,TRUE,February,2026,fine,1774474030648,2026-03-25,17744740306489ochyzqgv
Quarters on Campus – Nueces,Quarters on Campus – Nueces,3 Bed / 3 Bath,1185,FALSE,FALSE,0,FALSE,80,TRUE,April,2025,gym,1774910952630,2026-03-30,17749109526312y6r3gykd
Quarters on Campus – Nueces,Quarters on Campus – Nueces,2 Bed / 2 Bath,1405,FALSE,FALSE,0,FALSE,35,TRUE,August,2026,na,1775078403984,2026-04-01,1775078403984ewr92ptyw
Quarters on Campus – Nueces,Quarters on Campus – Nueces,2 Bed / 2 Bath,624,TRUE,FALSE,0,FALSE,60,TRUE,April,2026,Close to campus,1775186193943,2026-04-03,17751861939432wt3xjc6t
Quarters on Campus – Nueces,Quarters on Campus – Nueces,2 Bed / 2 Bath,780,TRUE,FALSE,0,FALSE,30,TRUE,August,2025,"Mold easily grows in bathroom, thin walls",1775190051020,2026-04-03,17751900510209ntl813gb
Quarters on Campus – Nueces,Quarters on Campus – Nueces,4 Bed / 4 Bath,1100,FALSE,FALSE,0,FALSE,25,TRUE,August,2025,"elevators are fast, gym is nice",1776111949305,2026-04-13,1776111949305ml50gafwd
Quarters on Campus – Nueces,Quarters on Campus – Nueces,2 Bed / 2 Bath,780,FALSE,FALSE,0,FALSE,75,TRUE,August,2025,Broken elevators,1776268902179,2026-04-15,177626890217915jj0py6j
Quarters on Campus – Nueces,Quarters on Campus – Nueces,4 Bed / 2 Bath,650,FALSE,TRUE,0,FALSE,65,TRUE,August,2025,there’s a nice pool and study area,1777143009370,2026-04-25,1777143009370pwoaih2ie
Quarters on Campus – Sterling House,Quarters on Campus – Sterling House,2 Bed / 2 Bath,855,TRUE,TRUE,99,FALSE,55,TRUE,,,10$ double room occupancy. It’s been good 👍,1771710369000,2026-02-21,seed_1771710369000_3cb48b
Quarters on Campus – Sterling House,Quarters on Campus – Sterling House,2 Bed / 2 Bath,730,TRUE,FALSE,0,FALSE,35,TRUE,March,2025,"Elevators brake semi consistently and make the worst noises
Garage door broken 99% of time",1772579310702,2026-03-03,1772579310702arabiwfbk
Quarters on Campus – Sterling House,Quarters on Campus – Sterling House,2 Bed / 2 Bath,745,FALSE,FALSE,0,FALSE,50,TRUE,August,2025,"Gym, releasing gift cards, nice outdoors area, nice study rooms.",1772648377172,2026-03-04,1772648377172x6po6hcfa
Quarters on Campus – Sterling House,Quarters on Campus – Sterling House,2 Bed / 2 Bath,900,TRUE,FALSE,0,FALSE,50,TRUE,August,2026,I don’t know yet,1772853654077,2026-03-07,1772853654077jhw467eos
Quarters on Campus – Sterling House,Quarters on Campus – Sterling House,3 Bed / 3 Bath,1050,FALSE,FALSE,0,FALSE,50,TRUE,January,2024,no,1775772578549,2026-04-09,17757725785499on94anzl
Quarters on Campus – Sterling House,Quarters on Campus – Sterling House,1 Bed / 1 Bath,1900,FALSE,FALSE,0,FALSE,165,TRUE,May,2025,"Great views, quiet complex, great maintainance",1776112127551,2026-04-13,1776112127551nz3wqv3jj
Quarters on Campus – Sterling House,Quarters on Campus – Sterling House,Unknown,950,FALSE,FALSE,0,FALSE,30,TRUE,January,2026,like it,1776383109414,2026-04-16,1776383109414ipm0ryxfj
Quarters on Campus – Sterling House,Quarters on Campus – Sterling House,1 Bed / 1 Bath,1639,FALSE,TRUE,150,FALSE,50,TRUE,August,2026,Includes gym,1776905364251,2026-04-23,1776905364252yxt2amvq0
Quarters on Campus – Sterling House,Quarters on Campus – Sterling House,2 Bed / 2 Bath,685,FALSE,FALSE,0,FALSE,70,TRUE,October,2025,"TONS of hidden fees. Amenities are average (patio, clubhouse, coffee machine) elevators usually work but can be broken for a week at a time. Maintenance problems get fixed within 48 hours. Overall not bad but def not worth the price. Right now I am in a 2x2 shared and pay average $950 total.",1777787168708,2026-05-03,1777787168708wo1u1k343
Rambler Apartments,Rambler Apartments,6 Bed / 6 Bath,1050,FALSE,FALSE,0,FALSE,0,FALSE,September,2022,7/10 from Cockrell. Walk time to campus is 11 - 15 min. Data from Wampus.fyi,1697890488000,2023-10-21,16978904880000qfssl1cz
Rambler Apartments,Rambler Apartments,4 Bed / 2 Bath,1199,FALSE,FALSE,0,FALSE,0,FALSE,,,,1768518370578,2026-01-15,1768518370578
Rambler Apartments,Rambler Apartments,6 Bed / 6 Bath,1289,FALSE,FALSE,0,FALSE,0,FALSE,,,,1768518616538,2026-01-15,1768518616538
Rambler Apartments,Rambler Apartments,6 Bed / 6 Bath,1349,FALSE,FALSE,0,FALSE,35,TRUE,January,2026,,1772254044319,2026-02-28,1772254044319e9nlsb5kb
Rambler Apartments,Rambler Apartments,4 Bed / 4 Bath,1525,FALSE,FALSE,0,FALSE,70,TRUE,April,2025,"includes gym, pool, yoga room, study area, sauna. I park at grand marc cause it’s cheaper, rambler parking is 330",1772540748567,2026-03-03,1772540748567nb2cq9l3e
Rambler Apartments,Rambler Apartments,5 Bed / 5 Bath,1550,FALSE,FALSE,0,FALSE,50,TRUE,February,2025,Balcony and window make rent 150 higher per month total,1772542782631,2026-03-03,1772542782632ba4kq2nen
Rambler Apartments,Rambler Apartments,5 Bed / 5 Bath,1460,FALSE,FALSE,0,FALSE,0,TRUE,August,2025,NA,1772590087008,2026-03-04,1772590087008vb53l18ib
Rambler Apartments,Rambler Apartments,4 Bed / 2 Bath,1199,FALSE,FALSE,0,FALSE,45,TRUE,August,2026,"Good ambiance, Low sqft",1772658821794,2026-03-04,177265882179410x3ownsd
Rambler Apartments,Rambler Apartments,4 Bed / 2 Bath,1250,FALSE,FALSE,0,FALSE,100,TRUE,May,2025,No,1772665097666,2026-03-04,1772665097667v7dlbctpx
Rambler Apartments,Rambler Apartments,6 Bed / 6 Bath,1289,FALSE,FALSE,0,FALSE,30,TRUE,February,2026,Close to campus,1772665963264,2026-03-04,1772665963265or946knu7
Rambler Apartments,Rambler Apartments,4 Bed / 2 Bath,1350,FALSE,FALSE,0,FALSE,0,TRUE,October,2025,"Includes gym, sauna, coffee shot, all utilities covered, new utilities installed",1772700727403,2026-03-05,1772700727403wrdfi217c
Rambler Apartments,Rambler Apartments,4 Bed / 2 Bath,1310,FALSE,FALSE,0,FALSE,32,TRUE,August,2025,"trash fee, includes gym, sauna, yoga room, record room, cafe, pool and hot tub",1773012888874,2026-03-08,1773012888875byxpcdt19
Rambler Apartments,Rambler Apartments,5 Bed / 5 Bath,1325,FALSE,FALSE,0,FALSE,10,TRUE,August,2024,Elevator was broken most of the time,1773044053753,2026-03-09,17730440537540t5sut3th
Rambler Apartments,Rambler Apartments,4 Bed / 4 Bath,1500,FALSE,FALSE,0,FALSE,0,TRUE,August,2025,Has a coffee shop inside and lots of study spots.,1773093943791,2026-03-09,1773093943791sngy2mo83
Rambler Apartments,Rambler Apartments,5 Bed / 5 Bath,1369,FALSE,FALSE,0,FALSE,80,TRUE,November,2024,Elevators break commonly. 24 hour gym. 2 saunas. Large common area. Big rooms. Everyone has their own restroom in their room.,1773177136689,2026-03-10,17731771366909715dh447
Rambler Apartments,Rambler Apartments,4 Bed / 2 Bath,1350,FALSE,FALSE,0,FALSE,50,TRUE,January,2026,Very nice amenities,1773195173405,2026-03-11,17731951734058j6u2ky4d
Rambler Apartments,Rambler Apartments,4 Bed / 2 Bath,1305,FALSE,FALSE,0,FALSE,30,TRUE,October,2025,close to campus,1773249351202,2026-03-11,17732493512026kon8uczk
Rambler Apartments,Rambler Apartments,4 Bed / 4 Bath,1520,FALSE,FALSE,0,FALSE,55,TRUE,October,2024,"Broken elevators, loud interior pool area. Close proximity to units across pool area (can clearly see in rooms). Close to Moody. Very nice amenities: includes gym, sauna, pool and study areas.",1773256137635,2026-03-11,17732561376354mpan48i4
Rambler Apartments,Rambler Apartments,6 Bed / 6 Bath,1340,FALSE,FALSE,0,FALSE,50,TRUE,November,2025,Hella amenities,1773350025408,2026-03-12,1773350025408twzoszft1
Rambler Apartments,Rambler Apartments,4 Bed / 2 Bath,1250,FALSE,FALSE,0,FALSE,30,TRUE,August,2025,Small room with NO window,1773352215414,2026-03-12,1773352215414qqs9evt8d
Rambler Apartments,Rambler Apartments,1 Bed / 1 Bath,2099,FALSE,FALSE,0,FALSE,150,TRUE,October,2025,"Modern appliances, clean, super nice amenities",1773786154127,2026-03-17,1773786154127ybek0gzmj
Rambler Apartments,Rambler Apartments,4 Bed / 2 Bath,1155,FALSE,FALSE,0,FALSE,30,TRUE,March,2026,Coffee shop and gym,1774117944787,2026-03-21,177411794478730xdkwoaq
Rambler Apartments,Rambler Apartments,4 Bed / 2 Bath,1165,FALSE,FALSE,0,FALSE,30,TRUE,July,2025,Gym and pool,1774386041289,2026-03-24,1774386041289mlk5mmm2z
Rambler Apartments,Rambler Apartments,4 Bed / 2 Bath,1250,FALSE,FALSE,0,FALSE,30,TRUE,August,2025,Small rooms.,1774485187539,2026-03-26,17744851875395tbtmodj7
Rambler Apartments,Rambler Apartments,4 Bed / 2 Bath,1140,FALSE,FALSE,0,FALSE,25,TRUE,August,2026,Coffee shop,1774677287876,2026-03-28,1774677287876gzewvaggk
Rambler Apartments,Rambler Apartments,6 Bed / 6 Bath,1250,FALSE,FALSE,0,FALSE,50,TRUE,November,2024,no window,1774916469504,2026-03-31,1774916469504znfsfna52
Rambler Apartments,Rambler Apartments,5 Bed / 5 Bath,1400,FALSE,FALSE,0,FALSE,50,TRUE,August,2024,"Hidden fees, no sunlight in pool, overcrowded study rooms, small gym",1774976682770,2026-03-31,1774976682771i7ifvaq0w
Rambler Apartments,Rambler Apartments,4 Bed / 2 Bath,1140,FALSE,FALSE,0,FALSE,50,TRUE,August,2026,Mold,1775119076002,2026-04-02,1775119076002agnv62kfh
Rambler Apartments,Rambler Apartments,6 Bed / 6 Bath,1420,FALSE,FALSE,0,FALSE,40,TRUE,August,2026,Great!,1775408211306,2026-04-05,1775408211306if3e4dnmr
Rambler Apartments,Rambler Apartments,1 Bed / 1 Bath,2010,FALSE,FALSE,0,FALSE,0,TRUE,August,2026,Idk,1775568137150,2026-04-07,1775568137150irqlavttd
Rambler Apartments,Rambler Apartments,4 Bed / 2 Bath,1250,FALSE,FALSE,0,FALSE,50,TRUE,December,2025,"Gym, pool, dogwash, study areas",1775859533032,2026-04-10,17758595330333knw9wzgj
Rambler Apartments,Rambler Apartments,4 Bed / 2 Bath,1179,FALSE,FALSE,0,FALSE,0,TRUE,August,2026,"15 - renters insurance
5 - trash?",1776136439191,2026-04-14,1776136439191kgxz67125
Rambler Apartments,Rambler Apartments,4 Bed / 2 Bath,1360,FALSE,TRUE,0,FALSE,60,TRUE,September,2025,Has gym pool cold plunge and sauna,1780694488145,2026-06-05,178069448814515idxfdjx
Rambler Apartments,Rambler Apartments,6 Bed / 6 Bath,1389,FALSE,FALSE,0,FALSE,0,TRUE,November,2025,"Hidden fees, outrageously expensive parking. Good gym and lobby",1781249691829,2026-06-12,1781249691829192rcfb5t
Rambler Apartments,Rambler Apartments,4 Bed / 4 Bath,1549,FALSE,TRUE,350,FALSE,75,TRUE,February,2025,"Mold, Broken elevator.",1783627653398,2026-07-09,17836276533985ihldf7ra
Redpoint San Marcos,Redpoint San Marcos,4 Bed / 4 Bath,500,FALSE,FALSE,0,FALSE,50,TRUE,October,2025,"Unreliable Bus, Developing Gym, Nice pool and Sand Volleyball area.",1774399892347,2026-03-25,1774399892347n2y2ksuq7
Regents West at 24th,Regents West at 24th,Studio,1240,FALSE,TRUE,115,TRUE,0,TRUE,,,Instagram Leasing Agent @blessyouwithalease. Spacious comes with living room private bathroom and Washer in dryer in the same room,1771697838000,2026-02-21,seed_1771697838000_7a7b71
Regents West at 24th,Regents West at 24th,1 Bed / 1 Bath,1230,FALSE,FALSE,0,FALSE,50,TRUE,August,2026,Close to Campus,1772563759548,2026-03-03,1772563759548hgdjzk1dv
Regents West at 24th,Regents West at 24th,4 Bed / 4 Bath,1300,FALSE,FALSE,0,FALSE,75,TRUE,November,2024,"Crickets, broken elevators, smelly garage, and loud frats with no regard for human sleep",1774316153616,2026-03-24,1774316153616orz2h3tml
Regents West at 24th,Regents West at 24th,2 Bed / 1 Bath,1195,FALSE,FALSE,0,FALSE,40,TRUE,August,2025,Awesome place! Gym isn't the best but overall amazing experience with the complex,1774334716747,2026-03-24,1774334716747u76nmq5w5
Regents West at 24th,Regents West at 24th,1 Bed / 1 Bath,1275,FALSE,FALSE,0,FALSE,100,TRUE,November,2025,"Market downstairs, 15 min walk from campus",1775168042150,2026-04-02,1775168042150no08xfrkc
Regents West at 24th,Regents West at 24th,2 Bed / 2 Bath,1320,FALSE,FALSE,0,FALSE,40,TRUE,May,2024,"Includes gym, gated parking, security, butterfly app",1775423764648,2026-04-05,1775423764648zs33abzo1
Regents West at 24th,Regents West at 24th,4 Bed / 2 Bath,1095,FALSE,FALSE,0,FALSE,0,TRUE,January,2026,No sublease fee,1775691763887,2026-04-08,17756917638880oxwwry2u
Regents West at 24th,Regents West at 24th,2 Bed / 2 Bath,1300,TRUE,FALSE,0,FALSE,0,TRUE,September,2025,Very tall loft,1775700570316,2026-04-09,1775700570316iom0u1u09
Regents West at 24th,Regents West at 24th,2 Bed / 2 Bath,1335,FALSE,TRUE,155,FALSE,95,TRUE,January,2026,good,1776831276475,2026-04-22,1776831276475ctcmg2m3q
Regents West at 26th,Regents West at 26th,2 Bed / 1 Bath,1077,FALSE,FALSE,0,FALSE,60,TRUE,,,"student housing agent. I have enjoyed living here for three years, however I’ve been blessed to not have as many issues as other tenants. Management is not the best and there is no transparency when incidents occur in the complex. Although they’ve had multiple inspections for the fire alarms, they’ve all been preceded by incidents where things were not up to code. I also had a pest issue from the first day I moved in and it took two and a half years for them to resolve.",1771528274000,2026-02-19,seed_1771528274000_f87eb3
Regents West at 26th,Regents West at 26th,4 Bed / 4 Bath,1200,FALSE,FALSE,0,FALSE,17,TRUE,,,- Found through a leasing agent so shout out Dat! But we did check out alot of places like Toured block and quarters.. My Bathroom is attached to my room and there's not too many amenities so a gym and a lobby with some broken games but we have a roof with a patio! So good for the price,1771790002000,2026-02-22,seed_1771790002000_907cb5
Regents West at 26th,Regents West at 26th,2 Bed / 1 Bath,1160,FALSE,FALSE,0,FALSE,100,TRUE,August,2024,"Far from campus, few amenities",1772549967742,2026-03-03,1772549967742gppvcsdep
Regents West at 26th,Regents West at 26th,4 Bed / 4 Bath,1160,FALSE,FALSE,0,FALSE,50,TRUE,August,2025,none,1772680836747,2026-03-05,1772680836747i60pfhzur
Regents West at 26th,Regents West at 26th,5 Bed / 3 Bath,1070,FALSE,FALSE,0,FALSE,75,TRUE,August,2025,Good,1773018376092,2026-03-09,1773018376092zmtxyw0rg
Regents West at 26th,Regents West at 26th,2 Bed / 2 Bath,1250,FALSE,FALSE,0,FALSE,50,TRUE,October,2025,Na,1773030633459,2026-03-09,1773030633459ft1b3a0b6
Regents West at 26th,Regents West at 26th,2 Bed / 2 Bath,1200,FALSE,FALSE,0,FALSE,50,TRUE,January,2026,n/a,1773260054128,2026-03-11,17732600541284tzkuggeg
Regents West at 26th,Regents West at 26th,2 Bed / 2 Bath,1275,FALSE,FALSE,0,FALSE,65,TRUE,October,2024,Good maintenance makes everything else worth it,1774315861627,2026-03-24,1774315861627epfntusvq
Regents West at 26th,Regents West at 26th,2 Bed / 2 Bath,1550,FALSE,FALSE,0,FALSE,0,TRUE,February,2026,Good,1775091148501,2026-04-02,1775091148502w3qc081ff
Regents West at 26th,Regents West at 26th,Unknown,1080,FALSE,FALSE,0,FALSE,40,TRUE,August,2025,idk,1776161624183,2026-04-14,1776161624183j2u52rg9e
Regents West at 26th,Regents West at 26th,2 Bed / 2 Bath,1110,FALSE,TRUE,135,FALSE,35,TRUE,June,2026,"additional $16 fee including trash, amenities, pest control, administration",1781162725638,2026-06-11,1781162725638g06rb17yl
Rise at West Campus,Rise at West Campus,4 Bed / 2 Bath,1329,FALSE,FALSE,0,FALSE,0,FALSE,October,2023,8/10 from McCombs. Walk time to campus is 5 - 10 min. Data from Wampus.fyi,1697890711000,2023-10-21,16978907110001efzunnsd
Rise at West Campus,Rise at West Campus,4 Bed / 2 Bath,809,FALSE,FALSE,0,FALSE,0,FALSE,September,2022,SMART Housing. 4/10 from McCombs. Walk time to campus is 5 - 10 min. Data from Wampus.fyi,1697890888000,2023-10-21,1697890888000n3tm9zuqz
Rise at West Campus,Rise at West Campus,5 Bed / 3 Bath,1180,FALSE,FALSE,0,FALSE,0,FALSE,October,2022,6/10 from CNS. Walk time to campus is 5 - 10 min. Data from Wampus.fyi,1697897377000,2023-10-21,16978973770002yt5gutso
Rise at West Campus,Rise at West Campus,4 Bed / 4 Bath,1270,FALSE,FALSE,0,FALSE,10,TRUE,,,"Found a deal online. You have to pay $15 in housing insurance and they automatically enroll you in some annoying corporate partnerships that charge you, but you can get out of it, just have to go through the hassle of removing yourself through the company.. Some of the floors have random divots or bumps, living room kinda small for how much I’m paying, front office is HORRIBLE at getting anything done. Also this is the no window price, window is $50 more I think. Had problems with the water but they fixed it (lowkey hella annoyed cause they only gave $200 in recomp to me but some people got 3 months rent???)",1771640030000,2026-02-21,seed_1771640030000_7998fd
Rise at West Campus,Rise at West Campus,5 Bed / 3 Bath,1260,FALSE,FALSE,0,TRUE,0,TRUE,,,We didn’t have hot water for a week,1771642354000,2026-02-21,seed_1771642354000_afb38c
Rise at West Campus,rise at west campus,4 Bed / 4 Bath,1469,FALSE,TRUE,285,FALSE,17,TRUE,,,"thought a friend, nah. we had water issues for a bit but it’s fine now I like my room",1771727638000,2026-02-22,seed_1771727638000_7465cf
Rise at West Campus,Rise at West Campus,4 Bed / 4 Bath,1319,FALSE,FALSE,0,FALSE,10,TRUE,June,2026,No water for two weeks and got very insignificant refund. No bottled water was provided,1772164627048,2026-02-27,17721646270486jc5rno0c
Rise at West Campus,Rise at West Campus,5 Bed / 3 Bath,1324,FALSE,FALSE,0,FALSE,15,TRUE,November,2026,"Great amenities, water issues fixed, close to campus, trash chute always broken, and elevator work but take forever bc of all the people. Biggest complaint was the cleanliness when I moved in floors covered in paint splatters and generally just gross",1772165123534,2026-02-27,17721651235341q1elyb2d
Rise at West Campus,Rise at West Campus,4 Bed / 4 Bath,1389,FALSE,FALSE,0,FALSE,15,TRUE,October,2026,"Utilities are only Electricity, Parking is for Standard Parking.",1772422512879,2026-03-02,1772422512879br24gt8my
Rise at West Campus,Rise at West Campus,6 Bed / 6 Bath,1290,FALSE,FALSE,0,FALSE,15,TRUE,October,2024,"Broken elevators (always), water went out at some point.",1772549973736,2026-03-03,1772549973736wmng70ztf
Rise at West Campus,Rise at West Campus,5 Bed / 3 Bath,1250,FALSE,FALSE,0,FALSE,10,TRUE,November,2024,Great amenities but didn’t have hot water for a week :(,1772573197944,2026-03-03,1772573197945d6yrzf9zm
Rise at West Campus,Rise at West Campus,1 Bed / 1 Bath,1815,FALSE,FALSE,0,FALSE,10,TRUE,October,2025,"studio, parking includes EV charging, close to campus, past water problems",1772592629733,2026-03-04,17725926297331k699scf0
Rise at West Campus,Rise at West Campus,5 Bed / 3 Bath,1230,FALSE,FALSE,0,FALSE,15,TRUE,November,2025,"Includes gym & pool, close to campus, water issues…",1772684523757,2026-03-05,17726845237574su0ueog0
Rise at West Campus,Rise at West Campus,4 Bed / 2 Bath,895,FALSE,FALSE,0,FALSE,20,TRUE,October,2025,"Broken A/C for a month, gym machines always broken, small rooms, pretty aesthetic, only pay electricity which is nice",1773082678258,2026-03-09,1773082678258eiruabywa
Rise at West Campus,Rise at West Campus,4 Bed / 2 Bath,1181,FALSE,FALSE,0,FALSE,20,TRUE,October,2024,"broken elevator, unfriendly management",1773116816607,2026-03-10,1773116816607bui0ao1hr
Rise at West Campus,Rise at West Campus,4 Bed / 4 Bath,1445,FALSE,FALSE,0,FALSE,55,TRUE,March,2025,pretty okay,1773179990034,2026-03-10,1773179990034pgr4c2892
Rise at West Campus,Rise at West Campus,4 Bed / 2 Bath,1480,FALSE,FALSE,0,FALSE,50,TRUE,August,2026,N/A,1773272745715,2026-03-11,1773272745716va1q54mgt
Rise at West Campus,Rise at West Campus,4 Bed / 2 Bath,1170,FALSE,FALSE,0,FALSE,30,TRUE,February,2025,Trouble with Maintenance and Small rooms no windows,1773299240877,2026-03-12,17732992408778m79q7amj
Rise at West Campus,Rise at West Campus,4 Bed / 4 Bath,1475,FALSE,FALSE,0,FALSE,30,TRUE,May,2026,Horrible staff,1773673477887,2026-03-16,177367347788756abhf43w
Rise at West Campus,Rise at West Campus,2 Bed / 2 Bath,1340,FALSE,FALSE,0,FALSE,15,TRUE,January,2025,"Gym, pool",1773730149563,2026-03-17,17737301495632v7plroa4
Rise at West Campus,Rise at West Campus,4 Bed / 2 Bath,1390,FALSE,FALSE,0,FALSE,5,TRUE,February,2025,Water turns off a lot,1773753431937,2026-03-17,1773753431937d38xbj6zh
Rise at West Campus,Rise at West Campus,4 Bed / 4 Bath,1300,FALSE,FALSE,0,FALSE,65,TRUE,May,2024,SCAM. Do not live here. Mario the property manager is lazy and doesn’t care. Live in a 4x4 with water damage that hasn’t been fixed in 9 months. AC still goes out and isn’t cold,1773852970792,2026-03-18,1773852970792m8ohjlut1
Rise at West Campus,Rise at West Campus,2 Bed / 2 Bath,1650,FALSE,FALSE,0,FALSE,50,TRUE,August,2026,No running water twice this academic year,1773877389564,2026-03-18,1773877389564ypcmdspx3
Rise at West Campus,Rise at West Campus,4 Bed / 4 Bath,1290,FALSE,FALSE,0,FALSE,10,TRUE,May,2025,close to campus,1774309789516,2026-03-23,17743097895160nninkznz
Rise at West Campus,Rise at West Campus,4 Bed / 4 Bath,1290,FALSE,FALSE,0,FALSE,10,TRUE,May,2025,close to campus,1774309877798,2026-03-23,1774309877798iubbavgcw
Rise at West Campus,Rise at West Campus,4 Bed / 4 Bath,1290,FALSE,FALSE,0,FALSE,10,TRUE,May,2025,close to campus,1774310138724,2026-03-23,1774310138724prvoc0oyx
Rise at West Campus,Rise at West Campus,6 Bed / 6 Bath,1200,FALSE,FALSE,0,FALSE,35,TRUE,September,2025,Every other week or whenever im coming back from break there is always something essential broken. Fridge just stopped working and ac is cooked as i type this,1774460112470,2026-03-25,17744601124708jqff1qbt
Rise at West Campus,Rise at West Campus,2 Bed / 2 Bath,1505,FALSE,FALSE,0,FALSE,15,TRUE,May,2025,"Broken elevator, water problems",1774741651366,2026-03-28,1774741651366dsb0d0jl7
Rise at West Campus,Rise at West Campus,1 Bed / 1 Bath,1734,FALSE,FALSE,0,FALSE,10,TRUE,April,2025,water breaks a lot. never heats or over heats or doesn't work straight up sometimes. busy elevators. smells like shit. annoying people,1774924164466,2026-03-31,1774924164466pulamk92b
Rise at West Campus,Rise at West Campus,6 Bed / 6 Bath,1279,FALSE,FALSE,0,FALSE,30,TRUE,August,2025,Water outages.,1775011409017,2026-04-01,17750114090177rmtikuj7
Rise at West Campus,Rise at West Campus,1 Bed / 1 Bath,1969,FALSE,FALSE,0,FALSE,40,TRUE,July,2025,"close to campus, nice amenities but cleanliness is iffy",1775147129003,2026-04-02,1775147129003lpsv7uj6h
Rise at West Campus,Rise at West Campus,4 Bed / 4 Bath,1355,FALSE,FALSE,0,FALSE,30,TRUE,April,2025,"Didn’t have water for two weeks, management is really lazy on compensation, maintenance is very fast and on top of it, elevators are pretty slow on busy hours, lease doesn’t disclose that some rooms are smaller than other and neither does the management tell you",1775259602394,2026-04-03,1775259602395ck66js55x
Rise at West Campus,Rise at West Campus,4 Bed / 4 Bath,1490,FALSE,FALSE,0,FALSE,110,TRUE,April,2024,"Elevators are often broken, the back door never works, you don’t have hot water half the time, my AC didn’t work for three months",1776110771305,2026-04-13,1776110771305qrelqnvbm
Rise at West Campus,Rise at West Campus,5 Bed / 3 Bath,1170,FALSE,FALSE,0,FALSE,10,TRUE,April,2025,Close to campus,1776271170409,2026-04-15,17762711704098frp02q9a
Rise at West Campus,Rise at West Campus,6 Bed / 6 Bath,1280,FALSE,FALSE,0,FALSE,15,TRUE,October,2025,"Slow elevators, water was out for a while once, window and windowless rooms",1777022804472,2026-04-24,17770228044721tylh9yfk
Rise at West Campus,Rise at West Campus,4 Bed / 2 Bath,1255,FALSE,TRUE,0,FALSE,0,TRUE,August,2026,Close to campus,1777269377421,2026-04-27,1777269377421beigu4uo7
Rise at West Campus,Rise at West Campus,4 Bed / 2 Bath,1255,FALSE,FALSE,0,FALSE,0,TRUE,August,2026,Close to campus,1777358820981,2026-04-28,1777358820982vixynd1k2
Rise at West Campus,Rise at West Campus,4 Bed / 2 Bath,1189,FALSE,FALSE,0,FALSE,20,TRUE,March,2024,Sometimes water goes out,1777361999034,2026-04-28,1777361999034l5f52x0tm
Rise at West Campus,Rise at West Campus,4 Bed / 2 Bath,1350,FALSE,TRUE,135,FALSE,25,TRUE,July,2025,Nothing,1777764617813,2026-05-02,1777764617813aer4xu1oe
Rise at West Campus,Rise at West Campus,5 Bed / 3 Bath,1275,FALSE,TRUE,270,FALSE,5,TRUE,December,2024,Really nice penthouse area to study and hang out. This unit includes a private bathroom.,1779065223498,2026-05-18,1779065223498gddz7w3wp
Rise at West Campus,Rise at West Campus,1 Bed / 1 Bath,1774,FALSE,TRUE,0,FALSE,20,TRUE,August,2025,"gym, pools, signed august 2025",1779649286968,2026-05-24,17796492869688kyg53fdi
Rise at West Campus,Rise at West Campus,1 Bed / 1 Bath,1650,FALSE,TRUE,0,FALSE,20,TRUE,August,2026,next year. water problems,1779649494993,2026-05-24,1779649494993f8v88i9w1
Rise at West Campus,Rise at West Campus,1 Bed / 1 Bath,1700,FALSE,TRUE,0,FALSE,30,TRUE,August,2026,"water issues, elevator, etc",1779649675568,2026-05-24,1779649675568ga0potbas
Rise at West Campus,Rise at West Campus,2 Bed / 2 Bath,1514,FALSE,TRUE,250,FALSE,0,TRUE,June,2026,Water outage issues,1781502520029,2026-06-15,1781502520029jnikmetsn
Rise at West Campus,Rise at West Campus,2 Bed / 2 Bath,1574,FALSE,TRUE,250,FALSE,0,TRUE,June,2026,water outage,1781512486243,2026-06-15,1781512486244ibtyt15ho
Rise at West Campus,Rise at West Campus,2 Bed / 2 Bath,1574,FALSE,TRUE,250,FALSE,0,TRUE,June,2026,wear outage,1781512541278,2026-06-15,1781512541278ogyq677si
Rise at West Campus,Rise at West Campus,4 Bed / 2 Bath,760,FALSE,TRUE,95,FALSE,35,TRUE,January,2025,water problems,1782157955731,2026-06-22,1782157955731rokd1tye1
Rise at West Campus,Rise at West Campus,5 Bed / 3 Bath,1144,FALSE,FALSE,0,FALSE,0,TRUE,August,2026,Have my own room,1783056618440,2026-07-03,1783056618440l46w88x7v
Rise at West Campus,Rise at West Campus,4 Bed / 2 Bath,1080,FALSE,FALSE,0,FALSE,0,TRUE,June,2026,"Close to campus, has cool amenities like gym, pool, sauna, jacuzzi, grill",1783237865707,2026-07-05,17832378657072yynxxrbp
Rise at West Campus,Rise at West Campus,4 Bed / 4 Bath,1445,FALSE,FALSE,0,FALSE,0,TRUE,October,2025,nah,1783525732077,2026-07-08,1783525732077iu5wmh7s2
San Gabriel Square,San Gabriel Square,Studio,650,FALSE,TRUE,20,FALSE,100,TRUE,,,"Google maps and apartment.com. It's not bad, but for the price it's great and you can definitely make it home",1771557338000,2026-02-20,seed_1771557338000_f01a1e
San Gabriel Square,San Gabriel square,1 Bed / 1 Bath,307,FALSE,TRUE,0,FALSE,170,TRUE,,,"A friend, no hidden fees. I’m sharing my 1 bedroom with my girlfriend so we split, but still a good deal for around 800",1771602754000,2026-02-20,seed_1771602754000_c01541
San Gabriel Square,San Gabriel Square,1 Bed / 1 Bath,650,FALSE,FALSE,0,FALSE,100,TRUE,August,2025,"Terrible, priced washing machines, constant tiny cockroaches and weekly pest control.",1772744412967,2026-03-05,1772744412968g4xepuxx6
San Gabriel Square,San Gabriel Square,Studio,750,FALSE,FALSE,0,FALSE,100,TRUE,August,2025,"Hidden online fees (15 to pay online), if you wanna never see roaches you need to get pest control every weekend (free with rent, they ckme tuesdays) and even do your own pest control (get the bait, do the oregano oil, etc). Laundry facilities and i think parking comes with rent (i dont have a car so could be wrong)",1777311035228,2026-04-27,1777311035228m6rvgciod
San Gabriel Square,San Gabriel Square,1 Bed / 1 Bath,765,FALSE,TRUE,0,FALSE,100,TRUE,August,2024,None,1777367884533,2026-04-28,1777367884533xjrdf5re3
San Pedro Flats,San Pedro Flats,3 Bed / 2 Bath,1151,FALSE,FALSE,0,FALSE,47,TRUE,August,2026,Large rooms + furnished,1772150295979,2026-02-26,1772150295979xdzmfwxq0
Signature 1909,Signature 1909,4 Bed / 4 Bath,1275,FALSE,FALSE,0,FALSE,0,FALSE,October,2022,9/10 from McCombs. Walk time to campus is 5 - 10 min. Data from Wampus.fyi,1697890759000,2023-10-21,1697890759000n7ffa0aoi
Signature 1909,Signature 1909,5 Bed / 5 Bath,1350,FALSE,FALSE,0,FALSE,35,TRUE,,,"""Green fee"", ""convenience fee"" for paying rent on the website (the only place you can pay it), fee for being on a higher level. Usually at least 1 elevator is broken (3 total for 18 floors plus underground parking), some people got moved into a hotel for a month because of the pool renovations that have been going on all year causing water damage and when they came back stuff was broken",1771828359000,2026-02-23,seed_1771828359000_97cd8d
Signature 1909,Signature 1909,1 Bed / 1 Bath,1850,FALSE,TRUE,175,FALSE,80,TRUE,,,"Sublet, 35$ “higher floor charge”, 40$ green fee.",1771916241000,2026-02-24,seed_1771916241000_bd873a
Signature 1909,Signature 1909,1 Bed / 1 Bath,1850,FALSE,FALSE,0,FALSE,60,TRUE,January,2026,,1772216479748,2026-02-27,17722164797486w9h9d0a7
Signature 1909,Signature 1909,1 Bed / 1 Bath,1750,FALSE,FALSE,0,FALSE,55,TRUE,January,2026,,1772303443036,2026-02-28,1772303443036jn2j2fk3v
Signature 1909,Signature 1909,4 Bed / 4 Bath,1330,FALSE,FALSE,0,FALSE,50,TRUE,January,2024,"Elevator is always broken, lots of maintenance going on",1772552185839,2026-03-03,1772552185839kpqh0m5qm
Signature 1909,Signature 1909,4 Bed / 4 Bath,1319,FALSE,FALSE,0,FALSE,50,TRUE,August,2025,no,1772594559647,2026-03-04,1772594559647oybarjbrd
Signature 1909,Signature 1909,4 Bed / 4 Bath,1150,FALSE,FALSE,0,FALSE,0,TRUE,December,2025,Gym is a bit small and elevators are not always 100% reliable (not a problem for me since I am on the 4th floor and also this goes for every wampus apartment. Clubhouse is small as well but functional. The rooms are decently sized and apartment is neat.,1772606747259,2026-03-04,17726067472596n81o06f1
Signature 1909,Signature 1909,4 Bed / 4 Bath,1360,FALSE,FALSE,0,FALSE,60,TRUE,October,2024,Broken elevator,1772676010774,2026-03-05,1772676010774vuz647iww
Signature 1909,Signature 1909,4 Bed / 4 Bath,1074,FALSE,FALSE,0,FALSE,60,TRUE,June,2025,"Not too far from campus, one elevator has been broke for months, been followed up to my room by a crackhead to security ain’t that great (there practically is none) :( no bugs tho",1772678361874,2026-03-05,1772678361874hfdw3jd6v
Signature 1909,Signature 1909,4 Bed / 4 Bath,1205,FALSE,FALSE,0,FALSE,50,TRUE,October,2024,"Pool, 3 elevators, parking, lobby, amenities room, grill, pool table, study offices, gym, security packages",1772743300653,2026-03-05,1772743300653s9ajmc6op
Signature 1909,Signature 1909,4 Bed / 4 Bath,1265,FALSE,FALSE,0,FALSE,70,TRUE,August,2025,Walls are paper thin,1773264600679,2026-03-11,1773264600679u25w7r3qd
Signature 1909,Signature 1909,4 Bed / 4 Bath,1295,FALSE,FALSE,0,FALSE,0,TRUE,September,2025,Was looking for a place with a nice gym! And I'm on smart housing so it brought the price down $150,1773790275324,2026-03-17,17737902753247284ln18h
Signature 1909,Signature 1909,4 Bed / 4 Bath,1250,FALSE,FALSE,0,FALSE,50,TRUE,October,2025,"Basic amenities, good apartment",1773897012625,2026-03-19,1773897012625mm6splw9g
Signature 1909,Signature 1909,4 Bed / 4 Bath,1200,FALSE,FALSE,0,FALSE,50,TRUE,August,2026,idk,1774343138192,2026-03-24,1774343138192ypk20ndcl
Signature 1909,Signature 1909,4 Bed / 4 Bath,1340,FALSE,FALSE,0,FALSE,55,TRUE,October,2024,Elevators break down often,1774624507533,2026-03-27,1774624507533fkg5vtkgx
Signature 1909,Signature 1909,4 Bed / 4 Bath,1100,FALSE,FALSE,0,FALSE,50,TRUE,August,2026,Thin walls,1774847323332,2026-03-30,1774847323332s0eluq0pi
Signature 1909,Signature 1909,4 Bed / 4 Bath,1140,FALSE,FALSE,0,FALSE,50,TRUE,April,2024,N/A,1774905591917,2026-03-30,1774905591918rr09q7oad
Signature 1909,Signature 1909,1 Bed / 1 Bath,1970,FALSE,FALSE,0,FALSE,95,TRUE,July,2024,Not really luxury amenities,1774912928172,2026-03-30,1774912928172o0d7t71us
Signature 1909,Signature 1909,5 Bed / 5 Bath,1149,FALSE,FALSE,0,FALSE,50,TRUE,December,2024,N/A,1774935754479,2026-03-31,17749357544790easkh87s
Signature 1909,Signature 1909,4 Bed / 4 Bath,1180,FALSE,FALSE,0,FALSE,0,TRUE,November,2025,"Pretty nice, heard problems with elevators and parking that’s all. Slightly lacks in amenities.",1774936548222,2026-03-31,1774936548222bvcwirjk9
Signature 1909,Signature 1909,4 Bed / 4 Bath,1309,FALSE,FALSE,0,FALSE,60,TRUE,August,2024,Broken Elevator,1775005717574,2026-04-01,17750057175744tb0xrmwu
Signature 1909,Signature 1909,4 Bed / 4 Bath,1195,FALSE,FALSE,0,FALSE,50,TRUE,August,2024,"Pool, amenity room, study area, gym",1775064962428,2026-04-01,1775064962428c0d34z6wv
Signature 1909,Signature 1909,4 Bed / 4 Bath,1200,FALSE,FALSE,0,FALSE,100,TRUE,August,2026,None,1775367953973,2026-04-05,1775367953973qgri36a7j
Signature 1909,Signature 1909,2 Bed / 2 Bath,1755,FALSE,FALSE,0,FALSE,60,TRUE,August,2024,"Elevator always broken, Internet breaks alot, Quext app isnt to good",1776269782438,2026-04-15,1776269782438qwkkhdstr
Signature 1909,Signature 1909,4 Bed / 4 Bath,1505,FALSE,FALSE,0,FALSE,0,TRUE,August,2026,Good,1776290921311,2026-04-15,1776290921311t2ubrat0a
Signature 1909,Signature 1909,2 Bed / 2 Bath,1215,FALSE,FALSE,0,FALSE,70,TRUE,July,2025,"Elevator was broken for half the semester, pool is dirty but everything else is chill. Calm spot close to campus. No physical key card it's all on the app which is annoying if your phone dies",1776308971110,2026-04-16,1776308971111sisfd97zo
Signature 1909,Signature 1909,4 Bed / 4 Bath,1165,FALSE,FALSE,0,FALSE,55,TRUE,January,2026,close to campus,1777454116399,2026-04-29,1777454116399ame2lz6le
Signature 1909,Signature 1909,2 Bed / 2 Bath,1200,FALSE,TRUE,145,FALSE,0,TRUE,May,2026,n/a,1779931231250,2026-05-28,1779931231250hh4xsm0l2
Signature 1909,Signature 1909,5 Bed / 5 Bath,1215,FALSE,TRUE,100,FALSE,40,TRUE,August,2025,"Elevator broken often, crazy loud birds outside, silverfish in apartment",1780462787114,2026-06-03,1780462787114xcsmtf1tf
Skyloft Austin,Skyloft Austin,4 Bed / 3 Bath,1140,FALSE,FALSE,0,FALSE,0,FALSE,September,2022,7/10 from CNS. Walk time to campus is 5 - 10 min. Data from Wampus.fyi,1697890289000,2023-10-21,1697890289000syo9dy8i5
Skyloft Austin,Skyloft Austin,4 Bed / 3 Bath,1080,FALSE,FALSE,0,FALSE,0,FALSE,October,2022,8/10 from Cockrell. Walk time to campus is 11 - 15 min. Data from Wampus.fyi,1697890311000,2023-10-21,1697890311000k3hpcjqgn
Skyloft Austin,Skyloft Austin,3 Bed / 3 Bath,1034,FALSE,FALSE,0,FALSE,0,FALSE,April,2023,10/10 from CNS. Walk time to campus is 5 - 10 min. Data from Wampus.fyi,1697890442000,2023-10-21,1697890442000gq76yl6wm
Skyloft Austin,Skyloft Austin,3 Bed / 3 Bath,1150,FALSE,FALSE,0,FALSE,0,FALSE,March,2022,6/10 from CNS. Walk time to campus is 5 - 10 min. Data from Wampus.fyi,1697890659000,2023-10-21,1697890659000ltsxvt8am
Skyloft Austin,Skyloft Austin,3 Bed / 3 Bath,1100,FALSE,FALSE,0,FALSE,0,FALSE,September,2022,9/10 from McCombs. Walk time to campus is 11 - 15 min. Data from Wampus.fyi,1697890769000,2023-10-21,1697890769000hl4uf6s10
Skyloft Austin,Skyloft Austin,3 Bed / 3 Bath,1170,FALSE,FALSE,0,FALSE,0,FALSE,September,2022,9/10 from COLA. Walk time to campus is 5 - 10 min. Data from Wampus.fyi,1697891605000,2023-10-21,1697891605000211w8b55u
Skyloft Austin,Skyloft Austin,4 Bed / 3 Bath,1189,FALSE,FALSE,0,FALSE,0,FALSE,October,2022,7/10 from McCombs. Walk time to campus is 5 - 10 min. Data from Wampus.fyi,1697891807000,2023-10-21,1697891807000xj9kfxkbv
Skyloft Austin,Skyloft Austin,4 Bed / 3 Bath,1290,FALSE,FALSE,0,FALSE,0,FALSE,October,2022,7/10 from McCombs. Walk time to campus is 11 - 15 min. Data from Wampus.fyi,1697892975000,2023-10-21,1697892975000rugun1kfr
Skyloft Austin,Skyloft Austin,4 Bed / 3 Bath,1150,FALSE,FALSE,0,FALSE,0,FALSE,November,2022,7/10 from CNS. Walk time to campus is 5 - 10 min. Data from Wampus.fyi,1697893262000,2023-10-21,1697893262000gh1daz8zn
Skyloft Austin,Skyloft Austin,4 Bed / 2 Bath,1200,FALSE,FALSE,0,FALSE,0,TRUE,,,Research. I like it personally. If you live on the inside it’s depressing,1771391332000,2026-02-18,seed_1771391332000_cdc1c8
Skyloft Austin,Skyloft Austin,3 Bed / 3 Bath,1380,FALSE,FALSE,0,FALSE,60,TRUE,,,They have a bunch of random fee's like trash and boiler fee's and random stuff that get's tacked on for no reason. Our living room is pretty big but the actual bedroom is alright (not too big) everything is just alright. View is suppppper bad tho like I just face a wall,1771572306000,2026-02-20,seed_1771572306000_a3b66c
Skyloft Austin,Skyloft Austin,3 Bed / 3 Bath,1150,FALSE,FALSE,0,FALSE,55,TRUE,September,2026,,1772170215736,2026-02-27,1772170215736qf3i37qbo
Skyloft Austin,Skyloft Austin,3 Bed / 2 Bath,1250,FALSE,FALSE,0,FALSE,50,TRUE,January,2026,,1772306910979,2026-02-28,1772306910979bdd40opfs
Skyloft Austin,Skyloft Austin,4 Bed / 3 Bath,1260,FALSE,FALSE,0,FALSE,15,TRUE,July,2026,Includes rooftop gym and pool,1772489877898,2026-03-02,1772489877898uv4m5wy48
Skyloft Austin,Skyloft Austin,3 Bed / 3 Bath,1300,FALSE,FALSE,0,FALSE,0,TRUE,November,2025,Basic amenities,1772508571372,2026-03-03,1772508571372bxjyxmklt
Skyloft Austin,Skyloft Austin,4 Bed / 3 Bath,1260,FALSE,FALSE,0,FALSE,50,TRUE,August,2025,Decent gym and pool. Have never had any issues with maintenance. The elevator broke once but they fixed it pretty quickly.,1772563833944,2026-03-03,1772563833944yffw7yrfu
Skyloft Austin,Skyloft Austin,3 Bed / 3 Bath,1500,FALSE,FALSE,0,FALSE,75,TRUE,October,2025,"Broken Elevators, forces us to pay for a trash can outside the apartment and then fines if you don’t put it away, hidden fees",1772576333477,2026-03-03,1772576333477a0z5mgwmt
Skyloft Austin,Skyloft Austin,3 Bed / 3 Bath,1650,TRUE,FALSE,0,FALSE,0,TRUE,August,2024,"Elevators broken often, units usually had problems, pool wasn’t clean, study room were sticky, fob door locks would stop working sometimes, gate to garage was picky, locker packages were nice, trash valet was usually good, apt was furnished,",1772598843878,2026-03-04,1772598843878eqcppo5a8
Skyloft Austin,Skyloft Austin,4 Bed / 3 Bath,1100,FALSE,FALSE,0,FALSE,50,TRUE,April,2025,Jds,1772832613874,2026-03-06,1772832613874kswhz3sq0
Skyloft Austin,Skyloft Austin,3 Bed / 3 Bath,1295,FALSE,FALSE,0,FALSE,0,TRUE,November,2025,None,1773119416536,2026-03-10,17731194165365zlom53n4
Skyloft Austin,Skyloft Austin,2 Bed / 2 Bath,1390,FALSE,FALSE,0,FALSE,0,TRUE,March,2026,i haven’t lived there yet,1773303191926,2026-03-12,177330319192665eh4mssz
Skyloft Austin,Skyloft Austin,4 Bed / 2 Bath,1250,FALSE,FALSE,0,FALSE,40,TRUE,January,2026,Broken elevator and pool,1773790699079,2026-03-17,1773790699079wf6931sc3
Skyloft Austin,Skyloft Austin,4 Bed / 3 Bath,1100,FALSE,FALSE,0,FALSE,0,TRUE,March,2026,I don’t like that we have to pay fees on maintenance  or taking the trash out,1773851996757,2026-03-18,1773851996757i1ycw0w6n
Skyloft Austin,Skyloft Austin,4 Bed / 2 Bath,1100,FALSE,FALSE,0,FALSE,0,TRUE,August,2026,dk,1774259789813,2026-03-23,17742597898132r380khgi
Skyloft Austin,Skyloft Austin,2 Bed / 2 Bath,1390,FALSE,FALSE,0,FALSE,40,TRUE,March,2026,it’s close to campus with good amenities for the most part,1774308445164,2026-03-23,17743084451647gm2bt7p3
Skyloft Austin,Skyloft Austin,3 Bed / 3 Bath,1275,FALSE,FALSE,0,FALSE,0,TRUE,July,2026,Gym,1774327417451,2026-03-24,1774327417451epwhublpk
Skyloft Austin,Skyloft Austin,4 Bed / 3 Bath,1048,FALSE,FALSE,0,FALSE,50,TRUE,June,2025,"Close to campus, nice study rooms. Gym and pool but I don’t use those. Used to pay 1200 for a 4x3 and 1100 for a 3x2.",1774403410851,2026-03-25,1774403410852vk1v7idc9
Skyloft Austin,Skyloft Austin,4 Bed / 2 Bath,1100,FALSE,FALSE,0,FALSE,50,TRUE,August,2026,havent lived there yet,1774513755894,2026-03-26,1774513755894hhx7skhuy
Skyloft Austin,Skyloft Austin,3 Bed / 3 Bath,1380,FALSE,FALSE,0,FALSE,0,TRUE,December,2025,good,1774819576023,2026-03-29,1774819576023zb0hlvah8
Skyloft Austin,Skyloft Austin,4 Bed / 3 Bath,1280,FALSE,FALSE,0,FALSE,60,TRUE,October,2024,close af to campus,1775249264126,2026-04-03,17752492641266ga7nckgs
Skyloft Austin,Skyloft Austin,3 Bed / 3 Bath,1315,FALSE,FALSE,0,FALSE,0,TRUE,August,2026,.,1775410808880,2026-04-05,1775410808880woc3mnmbg
Skyloft Austin,Skyloft Austin,4 Bed / 3 Bath,1250,FALSE,FALSE,0,FALSE,0,TRUE,December,2025,.,1776125721642,2026-04-14,1776125721642s0o3qh837
Skyloft Austin,Skyloft Austin,4 Bed / 3 Bath,1250,FALSE,FALSE,0,FALSE,0,TRUE,November,2025,.,1776568372153,2026-04-19,1776568372154d90euk42g
Skyloft Austin,Skyloft Austin,2 Bed / 2 Bath,1200,FALSE,TRUE,120,FALSE,45,TRUE,February,2025,n/a,1777568647270,2026-04-30,17775686472705y9b7moxt
Skyloft Austin,Skyloft Austin,4 Bed / 4 Bath,1275,FALSE,TRUE,195,FALSE,30,TRUE,August,2026,Good building,1777731106693,2026-05-02,1777731106693bcu50z6m7
Skyloft Austin,Skyloft Austin,4 Bed / 2 Bath,2045,FALSE,TRUE,100,FALSE,20,TRUE,October,2025,pool,1777783901477,2026-05-03,1777783901478nrco0xpx8
Skyloft Austin,Skyloft Austin,4 Bed / 2 Bath,1200,FALSE,TRUE,100,FALSE,20,TRUE,February,2025,n-a,1777784519467,2026-05-03,1777784519467qbtv7cjoi
Sparq on Rio,Sparq on Rio,6 Bed / 4 Bath,699,FALSE,TRUE,100,FALSE,55,TRUE,,,Realtor. No hidden fees. complex is always dirty and management is annoying 😹,1771452513000,2026-02-18,seed_1771452513000_1b1f1b
Sparq on Rio,Sparq on Rio,2 Bed / 1 Bath,1314,FALSE,TRUE,100,FALSE,100,TRUE,,,"Found just by browsing Google, no hidden fees. Apartment room flooded, heat didn't work for awhile, water heater broke and wasn't fixed for a week, BRAND NEW water heater only works for 10 mins at a time + not at the same time as roommate, can't use the oven without the smoke detector going off constantly, gnat infestation for a month, apartment hallways can be fully accessed by anyone because of multiple unlocked doors, can hear the parking garage gate beep and whir with every open/close",1771631299000,2026-02-20,seed_1771631299000_d19f50
Sparq on Rio,Sparq on Rio,2 Bed / 2 Bath,1290,FALSE,TRUE,100,FALSE,75,TRUE,,,It was fine. Only thing was the AC condensation was designed to drip into my bathtub. I’d have to get on my hands and knees to scrub off the mineral deposits from it.,1771839579000,2026-02-23,seed_1771839579000_36c40b
Sparq on Rio,Sparq on Rio,4 Bed / 4 Bath,1009,FALSE,FALSE,0,FALSE,80,TRUE,August,2026,,1772303426292,2026-02-28,1772303426292reaypuywo
Sparq on Rio,Sparq on Rio,4 Bed / 4 Bath,1060,FALSE,FALSE,0,FALSE,50,TRUE,June,2025,"Gym, pool, and dog park.",1772557641726,2026-03-03,1772557641726aw4pbgjuf
Sparq on Rio,Sparq on Rio,4 Bed / 4 Bath,1200,FALSE,FALSE,0,FALSE,80,TRUE,August,2026,n/a,1772559037663,2026-03-03,1772559037663ilgqs7gs4
Sparq on Rio,Sparq on Rio,4 Bed / 4 Bath,1064,TRUE,FALSE,0,FALSE,50,TRUE,March,2025,"Rio Grande Floor Plan, Private Room with Bathroom + Parking, Broken Elevators, Trash Room is constantly overfilled, 15 minute walk to campus",1772643420092,2026-03-04,1772643420092wtuwslslw
Sparq on Rio,Sparq on Rio,4 Bed / 2 Bath,965,FALSE,FALSE,0,FALSE,55,TRUE,July,2024,"Pool, dog park, and study room",1772669613683,2026-03-05,1772669613683doyj5vypb
Sparq on Rio,Sparq on Rio,4 Bed / 4 Bath,720,TRUE,FALSE,0,FALSE,50,TRUE,August,2025,"Elevators are slow, building isn’t super clean",1772734222772,2026-03-05,1772734222772sqtwwemij
Sparq on Rio,Sparq on Rio,6 Bed / 4 Bath,699,TRUE,FALSE,0,FALSE,50,TRUE,October,2024,"gross complex with no security, under new management every couple years",1772738316500,2026-03-05,1772738316500igxx40nnu
Sparq on Rio,Sparq on Rio,3 Bed / 3 Bath,845,FALSE,FALSE,0,FALSE,45,TRUE,September,2025,"gym, pool, study area, lounge, though easy to get inside for everyone / poor security",1772757736565,2026-03-06,1772757736565a70i5x9sl
Sparq on Rio,Sparq on Rio,4 Bed / 4 Bath,1070,FALSE,FALSE,0,FALSE,50,TRUE,January,2026,"Gym, pool",1773935926471,2026-03-19,1773935926471qm5s52cdf
Sparq on Rio,Sparq on Rio,6 Bed / 4 Bath,1010,FALSE,FALSE,0,FALSE,0,TRUE,August,2026,Dont know,1774377480053,2026-03-24,1774377480053a8ko0h6ec
Sparq on Rio,Sparq on Rio,3 Bed / 3 Bath,1200,FALSE,FALSE,0,FALSE,50,TRUE,July,2025,includes gym and pool,1774967939190,2026-03-31,1774967939190bwqhoybyo
Sparq on Rio,Sparq on Rio,4 Bed / 4 Bath,1000,FALSE,FALSE,0,FALSE,50,TRUE,November,2025,"gym is ok, elevator slow, pool is pretty small",1775100410760,2026-04-02,1775100410760la2qkf03n
Sparq on Rio,Sparq on Rio,4 Bed / 4 Bath,1115,FALSE,FALSE,0,FALSE,60,TRUE,January,2024,..,1775174027282,2026-04-02,1775174027282f20h805xb
Sparq on Rio,Sparq on Rio,4 Bed / 3 Bath,870,FALSE,FALSE,0,FALSE,100,TRUE,August,2026,"The elevator recently got fixed, but it makes hella noises. I don't trust it. FRUIT FUCKING FLIES EVERYWHERE. The toilet will keep running. wifi shuts off randomly at times. It's decent for the price. 2/5",1776375955871,2026-04-16,1776375955872cl35tnvub
Sparq on Rio,Sparq on Rio,4 Bed / 4 Bath,1000,FALSE,TRUE,100,FALSE,50,TRUE,August,2025,N/A,1779434242413,2026-05-22,1779434242413r31r76hwi
Sparq on Rio,Sparq on Rio,3 Bed / 3 Bath,1025,FALSE,FALSE,0,FALSE,0,TRUE,February,2026,N/a,1780540404510,2026-06-04,1780540404510hc3k6up2z
Sparq on Rio,Sparq on Rio,3 Bed / 3 Bath,1025,TRUE,FALSE,0,FALSE,0,TRUE,February,2026,N/A,1780541416496,2026-06-04,1780541416496hy5ve2117
Sparq on Rio,Sparq on Rio,4 Bed / 2 Bath,985,FALSE,FALSE,0,FALSE,0,TRUE,July,2026,Mid,1783042092996,2026-07-03,1783042092996h6r204qxr
Sparq on Rio,Sparq on Rio,4 Bed / 4 Bath,1010,FALSE,FALSE,0,FALSE,50,TRUE,January,2026,GYm included,1784171032487,2026-07-16,1784171032487oq5tay11h
Speedway Condominiums,Speedway Condominiums,2 Bed / 2 Bath,950,FALSE,FALSE,0,FALSE,75,TRUE,August,2026,,1772225219468,2026-02-27,17722252194682vru3ph49
Speedway Condominiums,Speedway Condominiums,2 Bed / 2 Bath,1095,FALSE,FALSE,0,FALSE,0,TRUE,January,2025,Parking,1773269776972,2026-03-11,1773269776972l9f06cra9
Texan & Vintage West Campus,Texan & Vintage West Campus,1 Bed / 1 Bath,2090,FALSE,FALSE,0,FALSE,70,TRUE,May,2025,"The elevator is always broken for months on end, and there is no pool or any amenities. The gym has like 2 machines total, with no upper body machines, and most of the time residents are locked out of it. There is no security with fates and doors always broken, and management refuses to work with residents.",1775055470903,2026-04-01,1775055470903dsl8e6wj5
Texan 26,Texan26,7 Bed / 4 Bath,890,FALSE,TRUE,99,FALSE,40,TRUE,,,"I found it on Google :). Lowkey there is a small $10 ish dollar fee/mo to build your credit, as well as a mitigated risk fee each month if you don't have a co-signer.. Huge rooms, furniture optional ($), maintenance is quick, refurbished a year ago",1771540635000,2026-02-19,seed_1771540635000_2411ac
Texan 26,Texan 26,7 Bed / 4 Bath,934,FALSE,FALSE,0,FALSE,0,TRUE,February,2026,,1772176508248,2026-02-27,1772176508249tk7ezsc73
Texan 26,Texan 26,6 Bed / 4 Bath,824,FALSE,FALSE,0,FALSE,50,TRUE,November,2025,"Pet friendly, reliable maintenance, courtyard with wifi, valet trash.",1772744216958,2026-03-05,177274421695879knipag4
Texan 26,Texan 26,5 Bed / 3 Bath,919,FALSE,FALSE,0,FALSE,110,TRUE,April,2024,"No amenities, thin walls, spacious living room, far walk from campus",1772868031815,2026-03-07,1772868031815slj1roqdq
Texan 26,Texan 26,2 Bed / 2 Bath,980,FALSE,FALSE,0,FALSE,0,TRUE,February,2026,Broke elevators,1772903927241,2026-03-07,1772903927241mqc26fcu2
Texan 26,Texan 26,5 Bed / 3 Bath,985,FALSE,FALSE,0,FALSE,40,TRUE,November,2024,"No gym, 3 levels of parking",1773012904123,2026-03-08,1773012904123u31u4w7xm
Texan 26,Texan 26,7 Bed / 4 Bath,934,FALSE,FALSE,0,FALSE,0,TRUE,February,2026,n/a,1773450150937,2026-03-14,1773450150937ocxjcxc3p
Texan 26,Texan 26,6 Bed / 4 Bath,890,FALSE,FALSE,0,FALSE,90,TRUE,January,2024,"No lobby or amenities, good living condition",1773472156332,2026-03-14,1773472156332q2zstkie7
Texan 26,Texan 26,6 Bed / 4 Bath,975,FALSE,FALSE,0,FALSE,0,TRUE,March,2026,Half mile from campus,1774624205695,2026-03-27,1774624205695yi5mho0ff
Texan 26,Texan 26,3 Bed / 2 Bath,890,FALSE,FALSE,0,FALSE,70,TRUE,February,2025,One elevator. Utilities aren’t a set price. Can be anywhere from $25 to $95. Have to pay an extra $75 for furnishing,1775986908800,2026-04-12,177598690880076pshabr4
Texan 26,Texan 26,3 Bed / 2 Bath,890,FALSE,FALSE,0,FALSE,70,TRUE,January,2024,"Only one elevator. Utilities aren’t a set price, can be anywhere from $25 to $95. Have to pay an extra $75 for furnishing. No amenities, just a courtyard and isn’t really maintained",1775987072973,2026-04-12,1775987072973nnm2pwewa
Texan 26,Texan 26,3 Bed / 2 Bath,1100,FALSE,TRUE,100,FALSE,45,TRUE,August,2025,"elevators are slow or broken most of the time. no amenities, a community courtyard that shares the doors to other people’s apartments and also the walls are thin and you can here people stomp loud as heck upstairs and hear people outside the whole building shakes fr it’s annoying wouldn’t recommend",1777683591074,2026-05-02,17776835910745yob9aay0
Texan Pearl,Texan Pearl,2 Bed / 2 Bath,985,FALSE,FALSE,0,FALSE,40,TRUE,January,2026,Nothing,1772675622553,2026-03-05,1772675622553pdnt76n72
Texan Shoal Creek Condominiums,Texan Shoal Creek Condominiums,2 Bed / 2 Bath,975,FALSE,FALSE,0,FALSE,100,TRUE,May,2026,"One private bedroom and bathroom in my 2-bedroom, 2-bathroom condo on 25th and Leon for the summer. Going for $1000 per month. The unit is on the top floor with high ceilings, comes fully furnished with an in-unit washer and dryer, and has access to a community pool and parking spot. It is in a quiet part of West Campus near the Shoal Creek trail and within walking distance",1772475753561,2026-03-02,1772475753562e4utx9faq
Texan Shoal Creek Condominiums,Texan Shoal Creek Condominiums,1 Bed / 1 Bath,1295,FALSE,TRUE,0,FALSE,180,TRUE,April,2025,"Broken elevator, package theft, swimming pool",1779739617212,2026-05-25,17797396172128lmwqgobl
Texan Tower,Texan Tower,2 Bed / 2 Bath,1000,FALSE,TRUE,0,FALSE,30,TRUE,,,It's alright but the water is a little funky,1771435536000,2026-02-18,seed_1771435536000_8f0d8f
Texan Tower,Texan Tower,2 Bed / 2 Bath,2000,TRUE,FALSE,0,FALSE,100,TRUE,January,2024,Broken Elevator,1772586129603,2026-03-04,17725861296033xyksb6gt
Texan Tower,Texan Tower,3 Bed / 2 Bath,860,FALSE,FALSE,0,FALSE,50,TRUE,March,2025,"Broken elevator, free parking, shared bathroom",1772677747964,2026-03-05,177267774796474eg4ywwc
Texan Tower,Texan Tower,3 Bed / 2 Bath,2795,FALSE,FALSE,0,FALSE,0,TRUE,March,2026,"Includes pool, gate that locks and elevator",1772689084295,2026-03-05,17726890842957hyh8o3ev
Texan Tower,Texan Tower,3 Bed / 2 Bath,2795,FALSE,FALSE,0,FALSE,0,TRUE,March,2026,"Elevator, gate that locks, pool",1772689321940,2026-03-05,177268932194059bsizilj
Texan Tower,Texan Tower,2 Bed / 2 Bath,1805,FALSE,FALSE,0,FALSE,100,TRUE,July,2025,Broken elevator. Hasn't worked all year. Beautiful balcony though,1774280654561,2026-03-23,1774280654561x3dzqnda3
Texan Tower,Texan Tower,2 Bed / 2 Bath,940,FALSE,TRUE,0,FALSE,90,TRUE,July,2025,elevator is always broken,1777341932222,2026-04-28,1777341932222dc4wsu363
Texan Tower,Texan Tower,4 Bed / 2 Bath,800,FALSE,TRUE,150,FALSE,50,TRUE,March,2024,One bedroom was minimal privacy loft,1784490794523,2026-07-19,1784490794523vek0j21rc
The Block 23,The Block 23,2 Bed / 2 Bath,1319,FALSE,FALSE,0,FALSE,50,TRUE,December,2024,Elevator broke every month,1772520048748,2026-03-03,1772520048748r9j1ojv6a
The Block 23,The Block 23,2 Bed / 2 Bath,705,FALSE,FALSE,0,FALSE,50,TRUE,August,2025,Broken elevators,1772669371903,2026-03-05,17726693719032s32i67c5
The Block 23,The Block 23,2 Bed / 2 Bath,699,TRUE,FALSE,0,FALSE,45,TRUE,August,2025,"Elevators are also broken, Apartment gets hot/cold easily. Space is good however and apartments are nice",1772669789199,2026-03-05,1772669789199th7nvxhgn
The Block 23,The Block 23,4 Bed / 2 Bath,1095,FALSE,FALSE,0,FALSE,70,TRUE,October,2025,N/A,1773204616317,2026-03-11,1773204616317g9gq1lhxo
The Block 23,The Block 23,4 Bed / 4 Bath,1845,FALSE,FALSE,0,FALSE,0,TRUE,January,2026,great,1773261409216,2026-03-11,1773261409216rkt5iegnj
The Block 23,The Block 23,2 Bed / 1 Bath,1665,FALSE,FALSE,0,FALSE,50,TRUE,August,2025,Everything fine,1773317117901,2026-03-12,17733171179016nv3szxy6
The Block 23,The Block 23,2 Bed / 2 Bath,1095,FALSE,FALSE,0,FALSE,55,TRUE,February,2026,Na,1773328249277,2026-03-12,1773328249277gdkvl8hi1
The Block 23,The Block 23,4 Bed / 2 Bath,1095,FALSE,FALSE,0,FALSE,0,TRUE,October,2025,Pretty much no amenities,1773851740958,2026-03-18,1773851740958aks5li8yj
The Block 23,The Block 23,4 Bed / 2 Bath,990,FALSE,FALSE,0,FALSE,0,TRUE,February,2025,"Spacious units with list of windows and maintenance is pretty quick with service requests. However, there are NO amenities except for a bare rooftop, mailing room/amazon lockbox, and a tiny study area",1773852098951,2026-03-18,1773852098951pypgen7dw
The Block 23,The Block 23,1 Bed / 1 Bath,1085,FALSE,FALSE,0,FALSE,35,TRUE,August,2026,Close,1774297483430,2026-03-23,1774297483430r6uofx7h3
The Block 23,The Block 23,2 Bed / 2 Bath,625,TRUE,FALSE,0,FALSE,0,TRUE,August,2026,Gym/Pool,1775161312411,2026-04-02,1775161312411ftcvf3gxw
The Block 23,The Block 23,2 Bed / 2 Bath,1250,FALSE,FALSE,0,FALSE,40,TRUE,August,2026,N/A,1775888892457,2026-04-11,17758888924575hre23ssi
The Block 23,The Block 23,Unknown,4500,FALSE,FALSE,0,FALSE,0,TRUE,February,2026,bad elevator,1777332366507,2026-04-27,17773323665075varfhk6r
The Block 23,The Block 23,3 Bed / 3 Bath,1140,FALSE,TRUE,80,FALSE,70,TRUE,August,2025,Broken elevators,1777486679201,2026-04-29,1777486679201tbz9gqptl
The Block 23,The Block 23,2 Bed / 2 Bath,1025,FALSE,FALSE,0,FALSE,0,TRUE,August,2026,fake data,1778528571163,2026-05-11,1778528571163cnifkgotv
The Block on 25th East,The Block on 25th East,4 Bed / 3 Bath,884,FALSE,TRUE,120,FALSE,65,TRUE,,,"Searching around wampus. Average wampus apartment, Older style interior but space is a lot. Kitchen could be bigger. Maintenance is responsive and elevator is quick and fast.",1771383156000,2026-02-18,seed_1771383156000_794fbf
The Block on 25th East,The Block on 25th East,2 Bed / 2 Bath,1250,FALSE,TRUE,75,FALSE,40,TRUE,,,Been there for 3 years and the first time I lived there it was like 1100,1771537344000,2026-02-19,seed_1771537344000_90d356
The Block on 25th East,The Block on 25th East,4 Bed / 4 Bath,1155,FALSE,FALSE,0,FALSE,0,TRUE,November,2024,hidden fees,1772665248975,2026-03-04,177266524897503djo3l3b
The Block on 25th East,The Block on 25th East,2 Bed / 2 Bath,495,TRUE,FALSE,0,FALSE,30,TRUE,February,2024,Big rooms,1772727990272,2026-03-05,1772727990272frvgcps88
The Block on 25th East,The Block on 25th East,4 Bed / 3 Bath,1030,FALSE,FALSE,0,FALSE,40,TRUE,November,2024,shared bathroom,1772752084696,2026-03-05,1772752084696or37suk9m
The Block on 25th East,The Block on 25th East,4 Bed / 3 Bath,1115,FALSE,FALSE,0,FALSE,65,TRUE,August,2025,"Bugs, Old building",1773030030781,2026-03-09,1773030030781er0ln52j6
The Block on 25th East,The Block on 25th East,4 Bed / 2 Bath,1155,FALSE,FALSE,0,FALSE,45,TRUE,August,2025,No,1773275398381,2026-03-12,1773275398381xgubqcag4
The Block on 25th East,The Block on 25th East,2 Bed / 2 Bath,1220,FALSE,FALSE,0,FALSE,0,TRUE,August,2026,Living conditions,1774124401839,2026-03-21,1774124401839pe3ikc8w5
The Block on 25th East,The Block on 25th East,4 Bed / 4 Bath,1060,FALSE,FALSE,0,FALSE,60,TRUE,October,2024,"Far from campus, maintenance is ok, the front office sometimes doesn't know what they are doing",1774380928015,2026-03-24,17743809280152ne1mnmi2
The Block on 25th East,The Block on 25th East,2 Bed / 2 Bath,509,TRUE,TRUE,0,FALSE,0,TRUE,April,2026,N/A,1783315653003,2026-07-06,1783315653003khvj5nph9
The Block on 25th East,The Block on 25th East,2 Bed / 2 Bath,500,TRUE,TRUE,0,FALSE,0,TRUE,April,2026,n/a,1783315900775,2026-07-06,1783315900776negeht2zx
The Block on 25th West,The Block on 25th West,2 Bed / 2 Bath,1000,FALSE,FALSE,0,FALSE,0,FALSE,November,2022,7/10 from CNS. Walk time to campus is 16 - 20 min. Data from Wampus.fyi,1697891804000,2023-10-21,1697891804000cuo6g35tu
The Block on 25th West,The Block on 25th West,3 Bed / 3 Bath,1039,FALSE,FALSE,0,FALSE,80,TRUE,,,"I waited until last minute to sign. Rent was originally $1200 but I got that rate, if I had waited until summer there was a promo for the other rooms in my unit for $800. Good overall, quick maintenance, however there is slight roach problem",1771516338000,2026-02-19,seed_1771516338000_21dcc6
The Block on 25th West,The Block on 25th West,2 Bed / 2 Bath,1625,FALSE,TRUE,0,FALSE,75,TRUE,,,Maintenance got stuff done quickly. This was a semester lease only august- December so rent was a little more I’m assuming.,1771678765000,2026-02-21,seed_1771678765000_04b690
The Block on 25th West,The Block on 25th West,3 Bed / 3 Bath,1125,FALSE,FALSE,0,FALSE,65,TRUE,August,2025,Includes gym,1772597601177,2026-03-04,1772597601178brbzn0s3o
The Block on 25th West,The Block on 25th West,2 Bed / 2 Bath,649,TRUE,FALSE,0,FALSE,60,TRUE,August,2025,"One elevator sometimes broken management isn’t so bad, the gym sucks tho",1772686682832,2026-03-05,17726866828329959tcrwo
The Block on 25th West,The Block on 25th West,4 Bed / 4 Bath,1205,FALSE,FALSE,0,FALSE,55,TRUE,August,2026,none,1772941405397,2026-03-08,17729414053972tw7zcj6n
The Block on 25th West,The Block on 25th West,3 Bed / 3 Bath,1099,FALSE,FALSE,0,FALSE,70,TRUE,February,2025,Older with few amenities,1772946106302,2026-03-08,1772946106302r39qua19h
The Block on 25th West,The Block on 25th West,4 Bed / 3 Bath,840,FALSE,FALSE,0,FALSE,75,TRUE,October,2024,Not many amenities but great for the price.,1773984148611,2026-03-20,17739841486127cacm6cq3
The Block on 25th West,The Block on 25th West,4 Bed / 2 Bath,770,FALSE,FALSE,0,FALSE,0,TRUE,November,2025,Isl,1774745194751,2026-03-29,1774745194752s9x58p0gt
The Block on 25th West,The Block on 25th West,5 Bed / 5 Bath,1099,FALSE,FALSE,0,FALSE,0,TRUE,April,2026,.,1775003666412,2026-04-01,1775003666412lwzyroxlx
The Block on 25th West,The Block on 25th West,4 Bed / 2 Bath,1025,FALSE,TRUE,85,FALSE,30,TRUE,August,2026,i,1779151595001,2026-05-19,17791515950016kz20vmby
The Block on 25th West,The Block on 25th West,1 Bed / 1 Bath,1500,FALSE,FALSE,0,FALSE,0,TRUE,July,2026,"unfurnished, small unit",1783975498144,2026-07-13,1783975498145p8gsh565s
The Block on 28th,The Block on 28th,2 Bed / 2 Bath,935,FALSE,FALSE,0,FALSE,45,TRUE,January,2026,,1771901472833,2026-02-24,1771901472833aqiqmw0pv
The Block on 28th,The Block on 28th,4 Bed / 2 Bath,1110,FALSE,FALSE,0,FALSE,0,TRUE,May,2026,Mid gym,1772685446227,2026-03-05,1772685446227cb1s1uy6j
The Block on 28th,The Block on 28th,2 Bed / 2 Bath,1139,FALSE,FALSE,0,FALSE,50,TRUE,March,2026,N/a,1773262074393,2026-03-11,1773262074393u4mp7j4k8
The Block on 28th,The Block on 28th,2 Bed / 2 Bath,1150,FALSE,FALSE,0,FALSE,70,TRUE,November,2024,"Broken elevator, poor WiFi, bad air ventilation, and the gym is at another Block location.",1773774930762,2026-03-17,1773774930762o2q02qdn6
The Block on 28th,The Block on 28th,4 Bed / 2 Bath,984,FALSE,FALSE,0,FALSE,50,TRUE,June,2025,"2 elevators, one is always broken, sometimes garage door is janky, some units dont have windows that face the outside world, but ours has a beautiful view of the trees west of wampus. service requests and management are pretty good, i think they had an overhaul. Next term i resigned and my base rent went down by 130 dollars roughly. Signed late so got a good deal on rent",1774289087539,2026-03-23,1774289087539sogrq36kb
The Block on 28th,The Block on 28th,4 Bed / 2 Bath,1100,FALSE,TRUE,125,FALSE,40,TRUE,August,2026,Idk,1777605287276,2026-05-01,177760528727694m6jx32y
The Block on 28th,The Block on 28th,2 Bed / 2 Bath,465,FALSE,TRUE,120,FALSE,100,TRUE,June,2026,..,1780805743458,2026-06-07,178080574345886r73obam
The Block on Leon,The Block on Leon,2 Bed / 2 Bath,549,TRUE,FALSE,0,FALSE,40,TRUE,,,"Fine, just a far walk- frat across the street is loud at times",1771656403000,2026-02-21,seed_1771656403000_59970c
The Block on Leon,The Block on Leon,1 Bed / 1 Bath,998,FALSE,FALSE,0,FALSE,75,TRUE,June,2026,,1772171965676,2026-02-27,17721719656769nc6m7biw
The Block on Leon,The Block on Leon,4 Bed / 2 Bath,479,TRUE,FALSE,0,FALSE,155,TRUE,August,2026,Quick response time for any issue or repairs needed,1772576774655,2026-03-03,1772576774655rq8wnexwf
The Block on Leon,The Block on Leon,2 Bed / 2 Bath,550,TRUE,FALSE,0,FALSE,35,TRUE,August,2025,Na,1772681031410,2026-03-05,1772681031410ujkh2kbe9
The Block on Leon,The Block on Leon,4 Bed / 4 Bath,950,FALSE,FALSE,0,FALSE,0,TRUE,May,2025,Far from campus,1773704122297,2026-03-16,1773704122297sch35aoke
The Block on Leon,The Block on Leon,4 Bed / 4 Bath,950,FALSE,FALSE,0,FALSE,0,TRUE,May,2025,far from campus,1773704687082,2026-03-16,17737046870827ovhrkmg3
The Block on Leon,The Block on Leon,2 Bed / 2 Bath,440,TRUE,FALSE,0,FALSE,65,TRUE,January,2026,"Includes wifi, in-unit washer & dryer, furnished, study room on first floor, gym access @ main leasing office (25th St), large balcony. Matinence responds quickly. Garage elevator doesn't work at least once a week, but gets fixed quickly",1773851922292,2026-03-18,1773851922292xxekiloet
The Block on Leon,The Block on Leon,2 Bed / 2 Bath,400,TRUE,FALSE,0,FALSE,50,TRUE,July,2025,N/A,1774046531981,2026-03-20,1774046531981nf7ruvcr2
The Block on Leon,The Block on Leon,4 Bed / 2 Bath,675,FALSE,FALSE,0,FALSE,50,TRUE,August,2025,N/a,1774167516305,2026-03-22,1774167516305ruj1j4l4t
The Block on Leon,The Block on Leon,5 Bed / 2 Bath,1035,FALSE,FALSE,0,FALSE,55,TRUE,August,2025,Na,1774381972329,2026-03-24,1774381972329d7f0u1lmp
The Block on Leon,The Block on Leon,2 Bed / 2 Bath,1110,FALSE,FALSE,0,FALSE,50,TRUE,August,2024,no,1774881439773,2026-03-30,1774881439773857uyuval
The Block on Leon,The Block on Leon,2 Bed / 2 Bath,1040,FALSE,FALSE,0,FALSE,50,TRUE,August,2024,"No Gym, Far from campus, Spacious floorplans",1775770634417,2026-04-09,1775770634417awnmw84bl
The Block on Pearl North,The Block on Pearl North,3 Bed / 3 Bath,1249,FALSE,TRUE,125,FALSE,65,TRUE,,,I have a balcony and the room is pretty big,1771572164000,2026-02-20,seed_1771572164000_791e31
The Block on Pearl North,The Block on Pearl North,3 Bed / 3 Bath,1209,FALSE,FALSE,0,FALSE,65,TRUE,,,"My bathroom isn't connected to my room but it's not that bad, I think the price is good",1771572211000,2026-02-20,seed_1771572211000_030df4
The Block on Pearl North,The Block on Pearl North,3 Bed / 3 Bath,1282,FALSE,FALSE,0,FALSE,50,TRUE,October,2026,$$ off if you resigned (100 a month totaling to 1200),1772153775460,2026-02-27,1772153775460jwyi06cz5
The Block on Pearl North,The Block on Pearl North,1 Bed / 1 Bath,1598,FALSE,FALSE,0,FALSE,100,TRUE,December,2024,Lack of amenities,1772495149640,2026-03-02,1772495149640h74jomkjq
The Block on Pearl North,The Block on Pearl North,2 Bed / 2 Bath,680,FALSE,FALSE,0,FALSE,100,TRUE,August,2026,"Close to campus, told by friend only issue is the dryer sometimes breaking, will be moving in this August :)",1772586141004,2026-03-04,1772586141004r4zeep15y
The Block on Pearl North,The Block on Pearl North,2 Bed / 2 Bath,1265,FALSE,FALSE,0,FALSE,0,TRUE,February,2026,Includes gym,1772667537059,2026-03-04,1772667537059qkuu1wdp9
The Block on Pearl North,The Block on Pearl North,2 Bed / 2 Bath,1100,FALSE,FALSE,0,FALSE,0,TRUE,February,2024,"Close to campus, study room with vending machines, rooftop lounge, I can access all the Block locations and their amenities too. Always giving out free food to residents at the office",1772726587893,2026-03-05,177272658789376u7qpy23
The Block on Pearl North,The Block on Pearl North,2 Bed / 2 Bath,705,TRUE,TRUE,0,FALSE,0,TRUE,August,2026,n/a,1777362327256,2026-04-28,1777362327256os2u8bhe6
The Block on Pearl North,The Block on Pearl North,2 Bed / 2 Bath,1405,FALSE,FALSE,0,FALSE,60,TRUE,August,2026,n/a,1780774122899,2026-06-06,1780774122899m0flvwm9p
The Block on Pearl South,The Block on Pearl South,2 Bed / 2 Bath,624,FALSE,FALSE,0,FALSE,80,TRUE,August,2025,"Elevator constantly brwaks, frequnet parties",1772514063626,2026-03-03,1772514063626pssw15du3
The Block on Pearl South,The Block on Pearl South,2 Bed / 2 Bath,660,TRUE,FALSE,0,FALSE,0,TRUE,October,2026,N/A,1780372535550,2026-06-02,1780372535550er7lojqwn
The Block on Rio,The block on rio,2 Bed / 2 Bath,1144,FALSE,TRUE,25,FALSE,60,TRUE,,,"They do lots of promotions like 100 off rent every month . I havnt had any hidden fees all my stuff is tracked with meters. Pretty good, bad ratings are from nasty residents who obviously attract roaches but if your clean then no roach.",1771642584000,2026-02-21,seed_1771642584000_7b11d4
The Block on Rio,The Block on Rio,4 Bed / 4 Bath,1300,FALSE,FALSE,0,FALSE,25,TRUE,October,2025,Close to campus,1772566749404,2026-03-03,1772566749404munommxd4
The Block on Rio,The Block on Rio,2 Bed / 2 Bath,1115,FALSE,FALSE,0,FALSE,50,TRUE,September,2025,Not good,1772663654113,2026-03-04,1772663654113zg31wmlef
The Block on Rio,The Block on Rio,4 Bed / 4 Bath,900,FALSE,FALSE,0,FALSE,60,TRUE,July,2025,Has a Amazon locker and study area,1772901211014,2026-03-07,1772901211014kq4wzaga9
The Block on Rio,The Block on Rio,4 Bed / 4 Bath,1034,FALSE,FALSE,0,FALSE,0,TRUE,December,2025,My lease starts in August,1773356835755,2026-03-12,1773356835755w7xh4k0kl
The Block on Rio,The Block on Rio,1 Bed / 1 Bath,1055,FALSE,FALSE,0,FALSE,100,TRUE,August,2025,Crack in the garage resulting in official city notice.,1775363131326,2026-04-05,1775363131326ylozy54ml
The Block on Rio,The Block on Rio,4 Bed / 4 Bath,1034,FALSE,FALSE,0,FALSE,0,TRUE,December,2025,Haven’t moved in yet.,1780189288238,2026-05-31,1780189288239uvt1lyznb
The Block on Rio,The Block on Rio,4 Bed / 4 Bath,1220,FALSE,FALSE,0,FALSE,0,TRUE,August,2025,Nothing special,1782089941350,2026-06-22,178208994135036q2y2hsg
The Castilian,The Castilian,2 Bed / 2 Bath,1645,FALSE,FALSE,0,FALSE,70,TRUE,January,2025,.,1772590640732,2026-03-04,1772590640732l4gubyk9d
The Castilian,The Castilian,2 Bed / 1 Bath,1470,TRUE,FALSE,0,FALSE,0,TRUE,May,2025,"Elevators are really slow, no kitchen, shared bathroom, includes Meal plan!",1772724359956,2026-03-05,1772724359956gbdxzau9u
The Castilian,The Castilian,2 Bed / 1 Bath,1510,FALSE,FALSE,0,FALSE,0,TRUE,August,2025,"Close to campus, close to gym",1773104977961,2026-03-10,1773104977961ui3cmd23j
The Castilian,The Castilian,1 Bed / 1 Bath,1460,FALSE,FALSE,0,FALSE,0,TRUE,August,2025,elevators are pretty slow and some of the washing/drying machines are kinda scuffed,1773109467570,2026-03-10,1773109467570l5zx3f7g8
The Castilian,The Castilian,2 Bed / 1 Bath,1600,FALSE,FALSE,0,FALSE,0,TRUE,August,2025,Close to campus,1773899450327,2026-03-19,1773899450328dcucsfuzw
The Castilian,The Castilian,1 Bed / 1 Bath,2990,FALSE,FALSE,0,FALSE,0,TRUE,March,2025,"Includes gym, theater, dining hall",1774300944475,2026-03-23,17743009444755wystunry
The Castilian,The Castilian,2 Bed / 1 Bath,1580,TRUE,FALSE,0,FALSE,0,TRUE,May,2025,washing machine and dryers do not work well,1774798550093,2026-03-29,17747985500943e5bbr53b
The Castilian,The Castilian,2 Bed / 1 Bath,1470,TRUE,FALSE,0,FALSE,0,TRUE,May,2025,Dining hall is kinda bad,1775004684118,2026-04-01,1775004684118yiq1bp43v
The Castilian,The Castilian,1 Bed / 1 Bath,2685,FALSE,FALSE,0,FALSE,0,TRUE,April,2026,"Dining hall, gym, etc",1775355218339,2026-04-05,17753552183397xxem7abd
The Castilian,The Castilian,1 Bed / 1 Bath,2595,FALSE,FALSE,0,FALSE,0,TRUE,April,2026,"Dining, gym, game rooms, study rooms",1775355472424,2026-04-05,1775355472424lauho6yif
The Castilian,The Castilian,1 Bed / 1 Bath,2635,FALSE,FALSE,0,FALSE,0,TRUE,April,2026,gym,1775355737075,2026-04-05,1775355737075jg944ii46
The Castilian,The Castilian,2 Bed / 2 Bath,1655,TRUE,FALSE,0,FALSE,0,TRUE,April,2026,New signing,1776146089376,2026-04-14,1776146089376r412kjlnf
The Marian Condominiums,The Marian Condominiums,2 Bed / 2 Bath,700,FALSE,FALSE,0,FALSE,150,TRUE,April,2025,"Extra Fees
Parking Included
Dim Light
Water Not Included",1772735847442,2026-03-05,17727358474421lxl5spfz
The Mark Austin,The Mark Austin,4 Bed / 4 Bath,1245,FALSE,FALSE,0,FALSE,0,FALSE,March,2023,5/10 from COLA. Walk time to campus is 11 - 15 min. Data from Wampus.fyi,1697890601000,2023-10-21,1697890601000ymcag9qn4
The Mark Austin,The Mark Austin,4 Bed / 4 Bath,1315,FALSE,FALSE,0,FALSE,0,FALSE,October,2022,7/10 from Cockrell. Walk time to campus is 11 - 15 min. Data from Wampus.fyi,1697890604000,2023-10-21,16978906040000j6stintw
The Mark Austin,The Mark Austin,6 Bed / 6 Bath,1035,FALSE,FALSE,0,FALSE,0,FALSE,December,2022,8/10 from McCombs. Walk time to campus is 5 - 10 min. Data from Wampus.fyi,1697890632000,2023-10-21,169789063200030swqt7gb
The Mark Austin,The Mark Austin,4 Bed / 4 Bath,1400,FALSE,FALSE,0,FALSE,0,FALSE,March,2023,8/10 from COLA. Walk time to campus is 5 - 10 min. Data from Wampus.fyi,1697890656000,2023-10-21,1697890656000em3jat3b9
The Mark Austin,The Mark Austin,5 Bed / 5 Bath,1260,FALSE,FALSE,0,FALSE,0,FALSE,November,2022,7/10 from CNS. Walk time to campus is 16 - 20 min. Data from Wampus.fyi,1697890676000,2023-10-21,1697890676000h2yjiwuru
The Mark Austin,The Mark Austin,2 Bed / 2 Bath,1680,FALSE,FALSE,0,FALSE,0,FALSE,July,2023,7/10 from Information. Walk time to campus is 11 - 15 min. Data from Wampus.fyi,1697890691000,2023-10-21,1697890691000cjwiud1tv
The Mark Austin,The Mark Austin,4 Bed / 4 Bath,1310,FALSE,FALSE,0,FALSE,0,FALSE,October,2022,8/10 from McCombs. Walk time to campus is 11 - 15 min. Data from Wampus.fyi,1697890706000,2023-10-21,16978907060009wburg7ej
The Mark Austin,The Mark Austin,5 Bed / 5 Bath,1278,FALSE,FALSE,0,FALSE,0,FALSE,April,2023,10/10 from CNS. Walk time to campus is 16 - 20 min. Data from Wampus.fyi,1697890741000,2023-10-21,1697890741000wit0gkifq
The Mark Austin,The Mark Austin,4 Bed / 4 Bath,1330,FALSE,FALSE,0,FALSE,0,FALSE,February,2023,8/10 from Moody. Walk time to campus is 11 - 15 min. Data from Wampus.fyi,1697890847000,2023-10-21,169789084700007bg0dok9
The Mark Austin,The Mark Austin,6 Bed / 6 Bath,1035,FALSE,FALSE,0,FALSE,0,FALSE,October,2022,9/10 from McCombs. Walk time to campus is 16 - 20 min. Data from Wampus.fyi,1697891187000,2023-10-21,1697891187000q75cunb0g
The Mark Austin,The Mark Austin,2 Bed / 2 Bath,1700,FALSE,FALSE,0,FALSE,0,FALSE,April,2023,10/10 from McCombs. Walk time to campus is 11 - 15 min. Data from Wampus.fyi,1697891197000,2023-10-21,16978911970001h1jhkzew
The Mark Austin,The Mark Austin,5 Bed / 5 Bath,1600,FALSE,FALSE,0,FALSE,0,FALSE,May,2023,8/10 from Fine Arts. Walk time to campus is 5 - 10 min. Data from Wampus.fyi,1697891241000,2023-10-21,1697891241000gahj69lzq
The Mark Austin,The Mark Austin,4 Bed / 4 Bath,1262,FALSE,FALSE,0,FALSE,0,FALSE,March,2023,8/10 from Cockrell. Walk time to campus is 16 - 20 min. Data from Wampus.fyi,1697892281000,2023-10-21,16978922810003fgwpo5we
The Mark Austin,The Mark Austin,2 Bed / 2 Bath,1035,FALSE,FALSE,0,FALSE,0,FALSE,August,2022,6/10 from CNS. Walk time to campus is 5 - 10 min. Data from Wampus.fyi,1697893109000,2023-10-21,16978931090007omnzk99l
The Mark Austin,The Mark Austin,4 Bed / 4 Bath,1348,FALSE,FALSE,0,FALSE,0,FALSE,March,2023,7/10 from COLA. Walk time to campus is 11 - 15 min. Data from Wampus.fyi,1697895045000,2023-10-21,16978950450006byos82gk
The Mark Austin,The Mark Austin,4 Bed / 4 Bath,1300,FALSE,FALSE,0,FALSE,0,FALSE,April,2023,7/10 from McCombs. Walk time to campus is 16 - 20 min. Data from Wampus.fyi,1697896178000,2023-10-21,1697896178000p7aiz1zyq
The Mark Austin,The Mark Austin,3 Bed / 3 Bath,1505,FALSE,FALSE,0,FALSE,0,FALSE,October,2022,7/10 from McCombs. Walk time to campus is 11 - 15 min. Data from Wampus.fyi,1697899157000,2023-10-21,1697899157000ajkzni0tl
The Mark Austin,The Mark Austin,5 Bed / 5 Bath,1310,FALSE,FALSE,0,FALSE,0,FALSE,January,2022,"10/10 from COLA, Social Work. Walk time to campus is 5 - 10 min. Data from Wampus.fyi",1697903322000,2023-10-21,1697903322000yeg21tmw2
The Mark Austin,The Mark Austin,6 Bed / 6 Bath,1035,FALSE,FALSE,0,FALSE,0,FALSE,October,2022,9/10 from COLA. Walk time to campus is 11 - 15 min. Data from Wampus.fyi,1697906264000,2023-10-21,1697906264000ks74194ir
The Mark Austin,The Mark Austin,5 Bed / 5 Bath,1260,FALSE,FALSE,0,FALSE,0,FALSE,December,2022,7/10 from CNS. Walk time to campus is 11 - 15 min. Data from Wampus.fyi,1697906409000,2023-10-21,1697906409000c083h8vu2
The Mark Austin,The Mark Austin,3 Bed / 3 Bath,1787,FALSE,FALSE,0,FALSE,0,FALSE,October,2023,1/10 from Cockrell. Walk time to campus is 16 - 20 min. Data from Wampus.fyi,1697906668000,2023-10-21,16979066680005agcq5iqq
The Mark Austin,The Mark Austin,4 Bed / 4 Bath,1500,FALSE,FALSE,0,FALSE,0,FALSE,January,2023,7/10 from Education. Walk time to campus is 21+ min. Data from Wampus.fyi,1697908241000,2023-10-21,1697908241000u1wyzw0gj
The Mark Austin,The Mark Austin,6 Bed / 6 Bath,1255,FALSE,FALSE,0,FALSE,0,TRUE,August,2026,,1772206989251,2026-02-27,1772206989251ccn8nx98m
The Mark Austin,The Mark Austin,5 Bed / 5 Bath,1450,FALSE,FALSE,0,FALSE,70,TRUE,September,2026,,1772232546950,2026-02-27,1772232546951eu98eaw3x
The Mark Austin,The Mark Austin,Unknown,1350,FALSE,FALSE,0,FALSE,0,TRUE,February,2026,"Includes gym, pool, sauna, tanning bed, and study lounges",1772530311202,2026-03-03,177253031120265n89tptd
The Mark Austin,The Mark Austin,5 Bed / 5 Bath,1510,FALSE,FALSE,0,FALSE,45,TRUE,August,2025,"Includes gym, pool, bowling alley",1772552031533,2026-03-03,1772552031533sgds484vj
The Mark Austin,The Mark Austin,4 Bed / 4 Bath,1275,FALSE,FALSE,0,FALSE,50,TRUE,August,2025,"Elevators have been broken for like a month once, the sauna doesn't work, the bowling alley doesn't work, we have a pool, a gym, a hot tub, study rooms, a printer yet the printer never works, and a standing tanning bed.",1772651837973,2026-03-04,1772651837973l4t0zwzrz
The Mark Austin,The Mark Austin,5 Bed / 5 Bath,1390,FALSE,FALSE,0,FALSE,0,TRUE,November,2025,na,1772675400540,2026-03-05,1772675400540qmo9a8yq9
The Mark Austin,The Mark Austin,2 Bed / 2 Bath,2010,FALSE,FALSE,0,FALSE,70,TRUE,February,2025,"Sauna, Tanning Bed, 2 story exercise room, pool, lounge, study rooms, bowling.",1772742187516,2026-03-05,1772742187517smhqqn7pe
The Mark Austin,The Mark Austin,4 Bed / 4 Bath,1320,FALSE,FALSE,0,FALSE,50,TRUE,August,2024,"Elevators slow on busy hours, back elevator exclusive to floors 4-8 to relieve main elevators, amenities and everything else were alright imo when j lived there",1773178614172,2026-03-10,17731786141721pf46363v
The Mark Austin,The Mark Austin,3 Bed / 3 Bath,1595,FALSE,FALSE,0,FALSE,75,TRUE,January,2025,"Awesome pool, great study rooms, nice clubhouse, nice staff, very clean",1773344091653,2026-03-12,17733440916533kg2n6lkt
The Mark Austin,The Mark Austin,2 Bed / 2 Bath,1550,FALSE,FALSE,0,FALSE,50,TRUE,June,2025,"includes gym, pool, study lounge, lounge area with pool table, bowling alley (but the bowling alley wasn’t working for a few months)",1773380362512,2026-03-13,1773380362512cgvfn4bci
The Mark Austin,The Mark Austin,2 Bed / 2 Bath,1350,FALSE,FALSE,0,FALSE,95,TRUE,August,2025,Clean gym and overall looks very new,1773428304256,2026-03-13,1773428304256u94iz60x7
The Mark Austin,The Mark Austin,6 Bed / 6 Bath,1245,FALSE,FALSE,0,FALSE,60,TRUE,February,2025,"Close to campus, gym, facilities",1773708471685,2026-03-17,1773708471685vcyhqxmzl
The Mark Austin,The Mark Austin,4 Bed / 4 Bath,1320,FALSE,FALSE,0,FALSE,0,TRUE,October,2025,Good amenity’s,1773720469004,2026-03-17,17737204690045e0rvqdim
The Mark Austin,The Mark Austin,1 Bed / 1 Bath,2815,FALSE,FALSE,0,FALSE,65,TRUE,August,2026,"Newer, bowling alley, lots of amenities",1773782392730,2026-03-17,1773782392730pq0nit4hm
The Mark Austin,The Mark Austin,1 Bed / 1 Bath,2815,FALSE,FALSE,0,FALSE,75,TRUE,February,2026,High end amenities,1773782505539,2026-03-17,1773782505539yhl673s82
The Mark Austin,The Mark Austin,5 Bed / 5 Bath,1560,FALSE,FALSE,0,FALSE,0,TRUE,August,2025,"New management is horrible. The amenities are fine, with the gym being great and the rooftop area being good. They advertise a bowling alley, but it is broken. The management messes up room allocations, and they don't have an organized system for picking up your own mail from the mailboxes. We were also promised a pool table in the apartment, but never got it. The wifi is also pretty slow, with no Ethernet support, and it goes out sometimes. Our AC unit was also broken for almost a semester.",1773877640175,2026-03-18,1773877640175ystu7l3j0
The Mark Austin,The Mark Austin,6 Bed / 6 Bath,1165,FALSE,FALSE,0,FALSE,50,TRUE,September,2025,Broken sauna and broken bowling alley,1774214223862,2026-03-22,1774214223862yio7voqr6
The Mark Austin,The Mark Austin,4 Bed / 4 Bath,1745,FALSE,FALSE,0,FALSE,70,TRUE,September,2025,Gym and pool,1774823204998,2026-03-29,17748232049988avizf81e
The Mark Austin,The Mark Austin,1 Bed / 1 Bath,965,FALSE,FALSE,0,FALSE,25,TRUE,January,2026,M,1775224364006,2026-04-03,1775224364006t3ddl6n13
The Mark Austin,The Mark Austin,6 Bed / 6 Bath,1250,FALSE,FALSE,0,FALSE,0,TRUE,August,2026,N/A,1775826495971,2026-04-10,1775826495972dz226wt2d
The Mark Austin,The Mark Austin,5 Bed / 5 Bath,1350,FALSE,FALSE,0,FALSE,0,TRUE,January,2026,Good,1776075748871,2026-04-13,1776075748871mfl4xrbxu
The Mark Austin,The Mark Austin,6 Bed / 6 Bath,1255,FALSE,FALSE,0,FALSE,75,TRUE,August,2026,"gym,bowling alley, pool table, pool, jumbotron, near campus",1776230391113,2026-04-15,1776230391113ffe92xafg
The Mark Austin,The Mark Austin,6 Bed / 6 Bath,1275,FALSE,FALSE,0,FALSE,50,TRUE,August,2026,pool has a balcony,1778619736958,2026-05-12,17786197369584t75cmiip
The Mark Austin,The Mark Austin,5 Bed / 5 Bath,1420,FALSE,TRUE,80,FALSE,50,TRUE,August,2025,It blew up,1779475369218,2026-05-22,1779475369218ikd3tlrml
The Mark Austin,The Mark Austin,6 Bed / 6 Bath,1255,FALSE,TRUE,200,FALSE,40,TRUE,August,2026,part of the building burnt down last year,1779942899839,2026-05-28,17799428998391t98yz9hr
The Mark Austin,The Mark Austin,2 Bed / 2 Bath,1520,FALSE,TRUE,100,FALSE,50,TRUE,July,2026,its alr,1780007530054,2026-05-28,17800075300545k0ekvs0o
The Mark Austin,The Mark Austin,1 Bed / 1 Bath,1355,TRUE,FALSE,0,FALSE,80,TRUE,February,2025,"tanning beds, good gym, study rooms",1780280934392,2026-06-01,1780280934392l79g0c8w5
The Mark Austin,The Mark Austin,4 Bed / 4 Bath,1370,FALSE,TRUE,200,FALSE,50,TRUE,October,2025,nice amenities,1782076329175,2026-06-21,1782076329175im03i8w2s
The Nine at Rio,The Nine at Rio,4 Bed / 4 Bath,1250,FALSE,FALSE,0,FALSE,0,FALSE,December,2022,8/10 from McCombs. Walk time to campus is 5 - 10 min. Data from Wampus.fyi,1697890239000,2023-10-21,1697890239000d3w7mem5r
The Nine at Rio,The Nine at Rio,4 Bed / 4 Bath,1295,FALSE,FALSE,0,FALSE,0,FALSE,February,2022,6/10 from McCombs. Walk time to campus is 5 - 10 min. Data from Wampus.fyi,1697890324000,2023-10-21,1697890324000hhyh9xlvx
The Nine at Rio,The Nine at Rio,4 Bed / 4 Bath,1250,FALSE,FALSE,0,FALSE,0,FALSE,September,2023,8/10 from Cockrell. Walk time to campus is 16 - 20 min. Data from Wampus.fyi,1697890438000,2023-10-21,1697890438000slz0sv86t
The Nine at Rio,The Nine at Rio,4 Bed / 4 Bath,1290,FALSE,FALSE,0,FALSE,0,FALSE,December,2022,8/10 from McCombs. Walk time to campus is 11 - 15 min. Data from Wampus.fyi,1697892865000,2023-10-21,16978928650004gg6qlog4
The Nine at Rio,The Nine at Rio,4 Bed / 4 Bath,1200,FALSE,FALSE,0,FALSE,0,FALSE,December,2022,8/10 from McCombs. Walk time to campus is 5 - 10 min. Data from Wampus.fyi,1697893169000,2023-10-21,1697893169000urnogafg7
The Nine at Rio,The Nine at Rio,4 Bed / 4 Bath,1280,FALSE,FALSE,0,FALSE,0,FALSE,December,2022,6/10 from CNS. Walk time to campus is 16 - 20 min. Data from Wampus.fyi,1697897816000,2023-10-21,1697897816000t0qlsbzur
The Nine at Rio,The Nine at Rio,4 Bed / 4 Bath,1200,FALSE,FALSE,0,FALSE,0,FALSE,October,2022,8/10 from McCombs. Walk time to campus is 5 - 10 min. Data from Wampus.fyi,1697898944000,2023-10-21,1697898944000uc93tln77
The Nine at Rio,The Nine at Rio,4 Bed / 4 Bath,999,FALSE,FALSE,0,FALSE,50,TRUE,July,2026,,1772214575429,2026-02-27,1772214575429a92f71bar
The Nine at Rio,The Nine at Rio,3 Bed / 3 Bath,1305,FALSE,FALSE,0,FALSE,60,TRUE,March,2026,,1772331711052,2026-03-01,1772331711052as61lokgi
The Nine at Rio,The Nine at Rio,4 Bed / 4 Bath,1200,FALSE,FALSE,0,FALSE,50,TRUE,October,2024,Elevators always down,1772665240985,2026-03-04,1772665240985rcs6id5xx
The Nine at Rio,The Nine at Rio,3 Bed / 2 Bath,1085,FALSE,FALSE,0,FALSE,70,TRUE,August,2025,"Broken elevators (went 2 weeks without a single elevator), mold issues, apartment smells horrible and hallways are disgusting, super dirty",1773192505089,2026-03-11,1773192505090fgr2hju4h
The Nine at Rio,The Nine at Rio,4 Bed / 4 Bath,1205,FALSE,FALSE,0,FALSE,0,TRUE,March,2026,"One elevator, small pool.",1773780072766,2026-03-17,1773780072766snx8mpao3
The Nine at Rio,The Nine at Rio,4 Bed / 4 Bath,1300,FALSE,FALSE,0,FALSE,50,TRUE,August,2026,mold,1774072936399,2026-03-21,1774072936399coyqjror8
The Nine at Rio,The Nine at Rio,3 Bed / 3 Bath,1425,FALSE,FALSE,0,FALSE,50,TRUE,November,2024,Was displaced for a month due to a severe mold infestation. Management is uncooperative and no compensation has been offered despite attempting legal recourse.,1775018861667,2026-04-01,1775018861667l9ufyqzmo
The Nine at Rio,The Nine at Rio,4 Bed / 4 Bath,1180,FALSE,FALSE,0,FALSE,0,TRUE,August,2026,close to campus elevators don’t really work,1775093671709,2026-04-02,1775093671709t4i80fr3z
The Nine at Rio,The Nine at Rio,4 Bed / 4 Bath,1140,FALSE,FALSE,0,FALSE,50,TRUE,October,2024,huge patio but having inside facing window on a lower floor was sooooo dark,1775321044134,2026-04-04,1775321044134syr3zpkqm
The Nine at Rio,The Nine at Rio,5 Bed / 4 Bath,1205,FALSE,FALSE,0,FALSE,20,TRUE,August,2025,Includes gym and pool,1776555927752,2026-04-18,1776555927753wwq4iw9cl
The Nine at Rio,The Nine at Rio,5 Bed / 4 Bath,1205,FALSE,FALSE,0,FALSE,20,TRUE,August,2025,It has gym and pool. Elevators are pretty slow and break sometimes,1776557130883,2026-04-19,1776557130883onihhftnh
The Nine at Rio,The Nine at Rio,4 Bed / 4 Bath,1215,FALSE,FALSE,0,FALSE,0,TRUE,August,2026,N/A,1778812252953,2026-05-15,1778812252953jhb51f6cm
The Nine at West Campus,The Nine at West Campus,4 Bed / 4 Bath,1010,FALSE,FALSE,0,FALSE,40,TRUE,August,2026,,1772157698365,2026-02-27,1772157698365eq7fyz1ys
The Nine at West Campus,The Nine at West Campus,4 Bed / 4 Bath,900,FALSE,FALSE,0,FALSE,30,TRUE,August,2025,"no pool, 2 elevators but we have 5 floors (none of them broken), fast maintenance",1772467518104,2026-03-02,1772467518104ctaa79mkw
The Nine at West Campus,The Nine at West Campus,4 Bed / 3 Bath,860,FALSE,FALSE,0,FALSE,30,TRUE,September,2025,a little far from campus,1772660717588,2026-03-04,1772660717588dt5kevjyj
The Nine at West Campus,The Nine at West Campus,4 Bed / 4 Bath,1340,FALSE,FALSE,0,FALSE,0,TRUE,August,2026,.,1773196948341,2026-03-11,177319694834123yj2skcs
The Nine at West Campus,The Nine at West Campus,4 Bed / 4 Bath,1025,FALSE,FALSE,0,FALSE,35,TRUE,September,2025,Maintenance is great,1773274822790,2026-03-12,17732748227909bs4ff2vb
The Nine at West Campus,The Nine at West Campus,4 Bed / 4 Bath,899,FALSE,FALSE,0,FALSE,35,TRUE,August,2025,Household appliances are always broken.,1773283469455,2026-03-12,1773283469455h1dl7hdwk
The Nine at West Campus,The Nine at West Campus,4 Bed / 4 Bath,1015,FALSE,FALSE,0,FALSE,75,TRUE,March,2026,$$,1773343575743,2026-03-12,17733435757442acxxb43d
The Nine at West Campus,The Nine at West Campus,4 Bed / 4 Bath,1085,FALSE,FALSE,0,FALSE,35,TRUE,September,2024,no pool although advertised,1773364931164,2026-03-13,1773364931164elwz1t5in
The Nine at West Campus,The Nine at West Campus,2 Bed / 2 Bath,1415,FALSE,FALSE,0,FALSE,50,TRUE,January,2024,Fire,1773383668634,2026-03-13,1773383668634baeyfehhd
The Nine at West Campus,The Nine at West Campus,4 Bed / 4 Bath,999,FALSE,FALSE,0,FALSE,60,TRUE,August,2026,no clue,1773531865496,2026-03-14,1773531865496h099haff4
The Nine at West Campus,The Nine at West Campus,4 Bed / 4 Bath,1090,FALSE,FALSE,0,FALSE,45,TRUE,May,2025,Far from campus,1773985742349,2026-03-20,1773985742349ajiop0eam
The Nine at West Campus,The Nine at West Campus,4 Bed / 3 Bath,870,FALSE,TRUE,80,FALSE,35,TRUE,September,2025,New renovations honestly make it better everything is very up to date,1779947149123,2026-05-28,1779947149123ng16ie9uj
The Sinclair,The Sinclair,4 Bed / 4 Bath,1340,FALSE,FALSE,0,FALSE,40,TRUE,July,2026,new,1775359868559,2026-04-05,1775359868559dhzissay6
The Sinclair,The Sinclair,2 Bed / 2 Bath,1565,FALSE,FALSE,0,FALSE,45,TRUE,April,2026,None,1776241599669,2026-04-15,1776241599669m08u810mq
The Sinclair,The Sinclair,2 Bed / 2 Bath,1630,FALSE,FALSE,0,FALSE,70,TRUE,May,2026,N/A,1779332905396,2026-05-21,1779332905397tnqrfcrnt
The Sondery,The Sondery,1 Bed / 1 Bath,1575,FALSE,TRUE,30,FALSE,50,TRUE,July,2025,in riverside great reviews and amenities,1779858101042,2026-05-27,17798581010428b0tw4a5m
The Sondery,The Sondery,1 Bed / 1 Bath,1610,FALSE,TRUE,25,FALSE,50,TRUE,October,2024,nice apartment,1781489187832,2026-06-15,1781489187833b2mks4i59
The Sondery,The Sondery,1 Bed / 1 Bath,1600,FALSE,TRUE,25,FALSE,40,TRUE,February,2024,nice apartment,1781490079567,2026-06-15,1781490079567kuav2dubs
The Standard,The Standard,4 Bed / 4 Bath,1250,FALSE,FALSE,0,FALSE,0,FALSE,November,2022,8/10 from McCombs. Walk time to campus is 11 - 15 min. Data from Wampus.fyi,1697900667000,2023-10-21,1697900667000te9yxklam
The Standard,The Standard,4 Bed / 4 Bath,1260,FALSE,FALSE,0,FALSE,0,FALSE,March,2023,8/10 from Cockrell. Walk time to campus is 16 - 20 min. Data from Wampus.fyi,1697907769000,2023-10-21,1697907769000bw2wuf5xq
The Standard,The standard,4 Bed / 4 Bath,1375,FALSE,FALSE,0,FALSE,50,TRUE,,,"Word of mouth; no hidden fees just utilities were higher than I thought. Good living conditions, rooms are great just a little tax",1771523783000,2026-02-19,seed_1771523783000_d3fd2e
The Standard,The Standard,5 Bed / 5 Bath,1300,FALSE,FALSE,0,FALSE,0,TRUE,,,We got a deal for 175 off our rent! so we were really enticed to sign quickly around the halloween time. Haven't lived there but excited to with friends!,1771714654000,2026-02-21,seed_1771714654000_049861
The Standard,The Standard,4 Bed / 4 Bath,1450,FALSE,FALSE,0,FALSE,0,TRUE,,,Pipes exploded on 8th floor after they hired Juan The Builder,1771845081000,2026-02-23,seed_1771845081000_3341af
The Standard,The Standard,5 Bed / 3 Bath,1150,FALSE,FALSE,0,FALSE,30,TRUE,August,2026,,1772180028046,2026-02-27,17721800280461j4dnmane
The Standard,The Standard,4 Bed / 4 Bath,1320,FALSE,FALSE,0,FALSE,50,TRUE,January,2026,,1772305511797,2026-02-28,17723055117982p6w3k7kj
The Standard,The Standard,3 Bed / 3 Bath,1290,FALSE,FALSE,0,FALSE,55,TRUE,August,2025,"Great amenities, broken elevators every once and a while, has a convenience store attached",1772574961490,2026-03-03,1772574961490jzsm0l7gz
The Standard,The Standard,5 Bed / 5 Bath,1315,FALSE,FALSE,0,FALSE,45,TRUE,September,2025,"Outdoor 7th floor pool, gym, the rest idk. Lots of Indians.",1772745820388,2026-03-05,1772745820388eufqwq1u5
The Standard,The Standard,4 Bed / 4 Bath,1100,FALSE,FALSE,0,FALSE,50,TRUE,August,2025,None,1772914086465,2026-03-07,1772914086465ja9c1pffe
The Standard,The Standard,4 Bed / 4 Bath,1200,FALSE,FALSE,0,FALSE,55,TRUE,August,2026,close,1772935911571,2026-03-08,17729359115715q3o6jxh1
The Standard,The Standard,3 Bed / 3 Bath,1350,FALSE,FALSE,0,FALSE,50,TRUE,September,2025,"I have a window, view is facing another building, have a balcony and gym is nice",1773129398136,2026-03-10,1773129398136dajks2bid
The Standard,The Standard,4 Bed / 4 Bath,1490,FALSE,FALSE,0,FALSE,50,TRUE,August,2026,comes with patio and balcony,1773206442104,2026-03-11,1773206442104h0kyoa6dq
The Standard,The Standard,2 Bed / 2 Bath,1340,FALSE,FALSE,0,FALSE,0,TRUE,January,2026,C,1773220738119,2026-03-11,1773220738119udyz6x2ih
The Standard,The Standard,2 Bed / 2 Bath,1785,FALSE,FALSE,0,FALSE,50,TRUE,August,2025,"Gym, pool",1773285034253,2026-03-12,1773285034253rfx8fiyos
The Standard,The Standard,4 Bed / 4 Bath,1390,FALSE,FALSE,0,FALSE,40,TRUE,September,2025,"Gym, pool, sauna, rooftop",1773365059918,2026-03-13,17733650599185uec1876l
The Standard,The Standard,2 Bed / 2 Bath,1805,FALSE,FALSE,0,FALSE,75,TRUE,May,2024,"DIrty Hallways, Unresponsive Staff",1774276735086,2026-03-23,1774276735086jjltpqd1n
The Standard,The Standard,5 Bed / 5 Bath,1290,FALSE,FALSE,0,FALSE,60,TRUE,September,2025,Gym treadmills are broken and elevators often go down,1774928015642,2026-03-31,1774928015642eyk8gie2o
The Standard,The Standard,5 Bed / 5 Bath,1370,FALSE,FALSE,0,FALSE,0,TRUE,September,2025,lots of amenities,1774979439392,2026-03-31,17749794393922an6mlv54
The Standard,The Standard,3 Bed / 3 Bath,2470,FALSE,FALSE,0,FALSE,0,TRUE,November,2024,"Slow elevators, elevator always broken or someone getting stuck, mail room is a free for all packages dumped everywhere so unorganized, parking garage door doesn’t work so paying all that $ for parking and it’s completely open to the public, just feels dirty in general, trash smells in hallways, fire alarm went off like 3 times a week first semester, most front desk staff rude and clueless.",1775003179197,2026-04-01,1775003179197o9samalec
The Standard,The Standard,2 Bed / 2 Bath,1710,FALSE,FALSE,0,FALSE,50,TRUE,August,2026,moving in,1775192032254,2026-04-03,1775192032254mx790xbku
The Standard,The Standard,3 Bed / 3 Bath,1395,FALSE,FALSE,0,FALSE,30,TRUE,October,2025,"good view, nice pool and gym, elevators do break",1776199778562,2026-04-14,1776199778562jlxy0z20a
The Standard,The Standard,2 Bed / 2 Bath,1095,FALSE,FALSE,0,FALSE,0,TRUE,May,2025,Mid,1779150193399,2026-05-19,17791501933990a28zpem9
The Standard,The Standard,2 Bed / 2 Bath,1065,FALSE,FALSE,0,FALSE,0,TRUE,May,2025,ok,1779154425646,2026-05-19,1779154425646ahj91x1qs
The Standard,The Standard,5 Bed / 5 Bath,1365,FALSE,FALSE,0,FALSE,50,TRUE,September,2025,includes amenities,1779906381430,2026-05-27,1779906381430s3hrdb3p9
The Waller,The Waller,1 Bed / 1 Bath,2180,FALSE,FALSE,0,FALSE,0,TRUE,August,2026,"amazing gym, pet friendly",1773006667041,2026-03-08,17730066670413azrf84lw
Tom Green Condominiums,Tom Green Condominiums,2 Bed / 1 Bath,2000,FALSE,FALSE,0,FALSE,125,TRUE,July,2025,40 year old building with poor insulation,1772750230602,2026-03-05,17727502306029wcrcxh0c
Torre,torre,4 Bed / 4 Bath,1425,FALSE,FALSE,0,FALSE,0,TRUE,,,"i found through website. no hidden fees. super thin walls, always smells weird bc the trash room overflows, brand new appliances and furniture but really bad quality",1771481308000,2026-02-19,seed_1771481308000_345c7c
Torre,Torre,1 Bed / 1 Bath,3000,FALSE,TRUE,200,FALSE,0,TRUE,,,"Great building, close to mccombs, quiet residents for the most part, also next to MLK for easy access",1771638471000,2026-02-21,seed_1771638471000_d0ac0e
Torre,Torre,1 Bed / 1 Bath,1055,FALSE,FALSE,0,FALSE,0,TRUE,January,2026,,1772262846789,2026-02-28,1772262846789hlsu3xo7k
Torre,Torre,4 Bed / 4 Bath,1400,FALSE,FALSE,0,FALSE,0,TRUE,August,2026,no,1772574240729,2026-03-03,17725742407298p32whvrl
Torre,Torre,4 Bed / 4 Bath,1405,FALSE,FALSE,0,FALSE,0,TRUE,March,2025,no,1772574327477,2026-03-03,177257432747719365dc7k
Torre,Torre,6 Bed / 6 Bath,1550,FALSE,FALSE,0,FALSE,0,TRUE,September,2024,"No window, Mid amenities. 2 living rooms huge kitchen + huge room",1772607316769,2026-03-04,1772607316769bfot0kwxi
Torre,Torre,6 Bed / 6 Bath,1300,FALSE,FALSE,0,FALSE,0,TRUE,January,2026,"5 minutes from campus
Pool
gym",1772660794589,2026-03-04,1772660794589ln6k20r1a
Torre,Torre,4 Bed / 4 Bath,1810,FALSE,FALSE,0,FALSE,20,TRUE,August,2026,overpaying for a view 😕,1773195908567,2026-03-11,17731959085684wmt3ipnw
Torre,Torre,4 Bed / 4 Bath,1545,FALSE,FALSE,0,FALSE,0,TRUE,July,2025,Close to campus,1773202125148,2026-03-11,1773202125148xfwxvx5j5
Torre,Torre,4 Bed / 4 Bath,1460,FALSE,FALSE,0,FALSE,0,TRUE,August,2025,"It’s fine, nice rooftop pool but elevator breaks pretty often.",1773254315655,2026-03-11,17732543156558gg01nr36
Torre,Torre,2 Bed / 2 Bath,875,TRUE,FALSE,0,FALSE,5,TRUE,September,2024,Broken elevator sometimes,1773274268887,2026-03-12,1773274268887kldm3z20u
Torre,Torre,4 Bed / 4 Bath,1375,FALSE,FALSE,0,FALSE,0,TRUE,September,2025,Good overall,1773368228402,2026-03-13,1773368228402aj8khxwxs
Torre,Torre,4 Bed / 4 Bath,1100,FALSE,FALSE,0,FALSE,0,TRUE,July,2025,good,1773861540744,2026-03-18,1773861540744oqqhv9lur
Torre,Torre,2 Bed / 2 Bath,1200,FALSE,FALSE,0,FALSE,0,TRUE,May,2025,Broken Elevator,1773889047182,2026-03-19,17738890471829amn9cfa9
Torre,Torre,4 Bed / 4 Bath,1455,FALSE,FALSE,0,FALSE,120,TRUE,January,2024,Normal,1773951033982,2026-03-19,177395103398299so7ryln
Torre,Torre,1 Bed / 1 Bath,1195,FALSE,FALSE,0,FALSE,0,TRUE,September,2024,Nice,1774115613057,2026-03-21,17741156130573i69u08d5
Torre,Torre,4 Bed / 4 Bath,1465,FALSE,FALSE,0,FALSE,0,TRUE,December,2025,Great living space bad gym,1774227644195,2026-03-23,1774227644195x7un4rkx7
Torre,Torre,2 Bed / 2 Bath,1545,FALSE,FALSE,0,FALSE,85,TRUE,March,2024,"Gym and pool, elevators down occasionally",1774279803231,2026-03-23,1774279803231kg8asctvw
Torre,Torre,4 Bed / 4 Bath,1380,FALSE,FALSE,0,FALSE,0,TRUE,September,2024,"Convenient location, small gym",1774310018433,2026-03-23,1774310018433a8pvlfaym
Torre,Torre,4 Bed / 4 Bath,1480,FALSE,FALSE,0,FALSE,0,TRUE,May,2025,Really good,1774405065209,2026-03-25,177440506521042kp93hup
Torre,Torre,2 Bed / 2 Bath,1790,FALSE,FALSE,0,FALSE,0,TRUE,August,2026,Na,1774485545806,2026-03-26,17744855458079j0yr82fz
Torre,Torre,6 Bed / 6 Bath,1500,FALSE,FALSE,0,FALSE,40,TRUE,November,2026,Not so great aminities but very close to school,1774928345254,2026-03-31,1774928345254w6c67i02m
Torre,Torre,2 Bed / 2 Bath,950,TRUE,FALSE,0,FALSE,0,TRUE,January,2026,None,1774980064280,2026-03-31,1774980064280gbh0tlv20
Torre,Torre,2 Bed / 2 Bath,1360,FALSE,FALSE,0,FALSE,0,TRUE,September,2025,none,1775053918257,2026-04-01,1775053918257tcxonc4ka
Torre,Torre,2 Bed / 2 Bath,1500,FALSE,FALSE,0,FALSE,0,TRUE,March,2025,Elevators are Broken sometimes,1775497070850,2026-04-06,1775497070851a7t9ziilw
Torre,Torre,2 Bed / 2 Bath,1850,FALSE,FALSE,0,FALSE,0,TRUE,March,2025,"Close to campus, Nice amenities, at least one elevator is always broken",1775500083548,2026-04-06,1775500083548gnfzxzkil
Torre,Torre,2 Bed / 2 Bath,1845,FALSE,FALSE,0,FALSE,0,TRUE,March,2025,Close to campus,1775500595440,2026-04-06,1775500595440a3eofhcab
Torre,Torre,4 Bed / 4 Bath,1595,FALSE,FALSE,0,FALSE,0,TRUE,August,2026,"Terrace, window, own bedroom, own bathroom",1776385848359,2026-04-17,1776385848359t18qtgyup
Torre,Torre,2 Bed / 2 Bath,805,FALSE,TRUE,0,FALSE,0,TRUE,June,2026,Pool,1781967948423,2026-06-20,1781967948423e2pndsale
Torre,Torre,1 Bed / 1 Bath,1160,FALSE,FALSE,0,FALSE,75,TRUE,March,2026,None,1783501350629,2026-07-08,1783501350629pqsdl5e9f
Town Lake Apartments,Town Lake Apartments,4 Bed / 4 Bath,730,FALSE,FALSE,0,FALSE,90,TRUE,November,2025,Gym is broke nothing work correctly,1772702670623,2026-03-05,1772702670623reoiewnwa
Town Lake Apartments,Town Lake Apartments,1 Bed / 1 Bath,750,FALSE,FALSE,0,FALSE,80,TRUE,August,2025,Always good,1773184098844,2026-03-10,1773184098844blbnju1ce
Town Lake Apartments,Town Lake Apartments,3 Bed / 3 Bath,750,FALSE,FALSE,0,FALSE,50,TRUE,September,2025,INCLUDES gym pool walking areas etc,1773184470278,2026-03-10,1773184470278x8z3mz1y3
Town Lake Apartments,Town Lake Apartments,2 Bed / 2 Bath,840,FALSE,FALSE,0,FALSE,85,TRUE,August,2025,Amenities are okay at best. You get what you pay for,1773923264217,2026-03-19,1773923264217b6m77dr1e
Town Lake Apartments,Town Lake Apartments,2 Bed / 2 Bath,845,FALSE,FALSE,0,FALSE,90,TRUE,August,2025,"Few amenities, older building, close to the walking trails, gym and pool, no TV, rooms on smaller side",1773924596399,2026-03-19,17739245963998alwd0vmn
Town Lake Apartments,Town Lake Apartments,4 Bed / 2 Bath,650,FALSE,FALSE,0,FALSE,80,TRUE,August,2025,Feels unsafe at times lmao hate taking bus,1777112167025,2026-04-25,1777112167025jrewnvq0p
Town Lake Apartments,Town Lake Apartments,4 Bed / 2 Bath,650,FALSE,TRUE,0,FALSE,85,TRUE,August,2025,Get what ur paying for honestly it’s mid wouldn’t sign with again,1777112755515,2026-04-25,177711275551538oy8627u
Town Lake Apartments,Town Lake Apartments,4 Bed / 2 Bath,590,FALSE,FALSE,0,FALSE,175,TRUE,August,2025,Management lowkey doesn’t want to answer or solve problems that have to do with billing for things like utilities. It’s hard to get a hold on them.,1780298020939,2026-06-01,1780298020939vwmrcd4qh
Tradition on Rio,Tradition on Rio,4 Bed / 3 Bath,1080,FALSE,FALSE,0,FALSE,0,FALSE,October,2022,8/10 from COLA. Walk time to campus is 11 - 15 min. Data from Wampus.fyi,1697890239000,2023-10-21,1697890239000p8jqqryp6
Tradition on Rio,Tradition on Rio,4 Bed / 4 Bath,1050,FALSE,FALSE,0,FALSE,0,FALSE,October,2022,9/10 from Cockrell. Walk time to campus is 16 - 20 min. Data from Wampus.fyi,1697890593000,2023-10-21,169789059300024545a0dt
Tradition on Rio,Tradition on Rio,3 Bed / 3 Bath,950,FALSE,FALSE,0,FALSE,0,FALSE,October,2022,SMART Housing. 8/10 from McCombs. Walk time to campus is 5 - 10 min. Data from Wampus.fyi,1697891958000,2023-10-21,1697891958000gntdapv3w
Tradition on Rio,Tradition on Rio,4 Bed / 4 Bath,950,FALSE,FALSE,0,FALSE,0,FALSE,October,2022,8/10 from McCombs. Walk time to campus is 5 - 10 min. Data from Wampus.fyi,1697895495000,2023-10-21,1697895495000q7v4hn0k1
Tradition on Rio,Tradition on Rio,3 Bed / 3 Bath,1140,FALSE,FALSE,0,FALSE,125,TRUE,,,Google Maps. Signing fees and Administrative fees. Old building terribly maintained. Only the front desk area is renovated and looks nice. The building is disgusting and loud because of the alley.,1771551585000,2026-02-20,seed_1771551585000_9d7c8d
Tradition on Rio,Tradition on Rio,4 Bed / 3 Bath,1240,FALSE,FALSE,0,FALSE,40,TRUE,,,"You have to pay like 200 something to even apply so if you apply you should be set on living there. Roach infestation when we moved in, elevator is broken and they are not planning on fixing it bc they are broke, redid entire lobby for no reason (maybe this is where the money went), bitchy management (basically tried to pin the roach issue on us when they knew about it before we moved in and did not tell us)",1771639241000,2026-02-21,seed_1771639241000_ad35c3
Tradition on Rio,Tradition on Rio,2 Bed / 2 Bath,1455,FALSE,FALSE,0,FALSE,100,TRUE,May,2026,,1772165600808,2026-02-27,1772165600808e31ann6uy
Tradition on Rio,Tradition on Rio,3 Bed / 3 Bath,1260,FALSE,FALSE,0,FALSE,70,TRUE,August,2026,,1772223091355,2026-02-27,1772223091355b80hhpm2a
Tradition on Rio,Tradition on Rio,3 Bed / 3 Bath,1285,FALSE,FALSE,0,FALSE,80,TRUE,August,2026,The elevators are always broken,1772223457322,2026-02-27,1772223457322bx69c1tpt
Tradition on Rio,Tradition on Rio,4 Bed / 3 Bath,1240,FALSE,FALSE,0,FALSE,40,TRUE,January,2026,,1772416848922,2026-03-02,1772416848922yjqbv8uo7
Tradition on Rio,Tradition on Rio,4 Bed / 3 Bath,1250,FALSE,FALSE,0,FALSE,0,TRUE,August,2026,"Gym and pool, big rooms",1772491826597,2026-03-02,1772491826597boucqn6hj
Tradition on Rio,Tradition on Rio,1 Bed / 1 Bath,1505,FALSE,FALSE,0,FALSE,50,TRUE,November,2024,Small gym broken elevator,1772493873212,2026-03-02,1772493873212bgygp9ide
Tradition on Rio,Tradition on Rio,4 Bed / 3 Bath,1240,FALSE,FALSE,0,FALSE,0,TRUE,October,2024,Elevator always broken,1772602585269,2026-03-04,1772602585269tv3uoim6i
Tradition on Rio,Tradition on Rio,5 Bed / 3 Bath,1115,FALSE,FALSE,0,FALSE,30,TRUE,January,2026,Gym,1773016423116,2026-03-09,17730164231160qxax69bb
Tradition on Rio,Tradition on Rio,3 Bed / 3 Bath,1215,FALSE,FALSE,0,FALSE,0,TRUE,August,2025,NA,1773100108781,2026-03-09,17731001087811ei42x4x5
Tradition on Rio,Tradition on Rio,4 Bed / 4 Bath,1115,FALSE,FALSE,0,FALSE,25,TRUE,October,2026,"Newly renovated, nice amenities, great staff",1773193558281,2026-03-11,1773193558281jurludswu
Tradition on Rio,Tradition on Rio,1 Bed / 1 Bath,1750,FALSE,FALSE,0,FALSE,150,TRUE,February,2024,"broken elevators, uneven floors, shitty amenities, recently renovated lobby and leasing office, nice staff",1773260612761,2026-03-11,1773260612761vhyxpsac3
Tradition on Rio,Tradition on Rio,2 Bed / 2 Bath,1445,FALSE,FALSE,0,FALSE,50,TRUE,October,2026,na,1773270176072,2026-03-11,1773270176072lix8dljri
Tradition on Rio,Tradition on Rio,4 Bed / 4 Bath,1195,FALSE,FALSE,0,FALSE,75,TRUE,July,2025,"lobby elevator always broken, showed me a really nice and bigger room for the tour and when i got my room it was nothing compared to what i was shown, roaches and something is always breaking",1773287625000,2026-03-12,17732876250001cb45a3wi
Tradition on Rio,Tradition on Rio,3 Bed / 3 Bath,1105,FALSE,FALSE,0,FALSE,70,TRUE,September,2024,"Main elevator typically broken, no direct way to reach main office/gym without exiting the building, but maintenance is always quick to respond and very helpful",1773312539474,2026-03-12,1773312539474wmkc40zq9
Tradition on Rio,Tradition on Rio,2 Bed / 2 Bath,1200,FALSE,FALSE,0,FALSE,30,TRUE,April,2026,Nice staff and new gym,1773343025339,2026-03-12,177334302533918t6b32br
Tradition on Rio,Tradition on Rio,1 Bed / 1 Bath,1700,FALSE,FALSE,0,FALSE,0,TRUE,January,2026,"Hidden Fees, Gym, Pool",1773360576374,2026-03-13,1773360576374oeynjr21b
Tradition on Rio,Tradition on Rio,5 Bed / 4 Bath,1150,FALSE,FALSE,0,FALSE,0,TRUE,October,2025,Small apartment (not a high rise but still close to campus),1773447192177,2026-03-14,17734471921777kohq07my
Tradition on Rio,Tradition on Rio,4 Bed / 4 Bath,1140,FALSE,FALSE,0,FALSE,70,TRUE,October,2024,Old Building,1773738925693,2026-03-17,1773738925693ecu9bddcs
Tradition on Rio,Tradition on Rio,5 Bed / 3 Bath,995,FALSE,FALSE,0,FALSE,30,TRUE,May,2025,"Elevator broken for most of semester; close to campus, pool; newly-renovated lobby and study-area; small gym; friendly management; many broken items, lights, furniture upon arrival that was promptly fixed.",1774150011428,2026-03-22,1774150011428fd8lu26r4
Tradition on Rio,Tradition on Rio,1 Bed / 1 Bath,1685,FALSE,FALSE,0,FALSE,50,TRUE,January,2026,Broken Elevator but recently refurbished lobby,1774309200081,2026-03-23,1774309200081e8ftnovlg
Tradition on Rio,Tradition on Rio,4 Bed / 4 Bath,1180,FALSE,FALSE,0,FALSE,80,TRUE,July,2025,"broken elevator , roaches, dirty",1774410928876,2026-03-25,1774410928876nturi39j5
Tradition on Rio,Tradition on Rio,5 Bed / 4 Bath,1050,FALSE,FALSE,0,FALSE,80,TRUE,March,2026,Maintenance and elevator,1774838490356,2026-03-30,1774838490356c7k515f2y
Tradition on Rio,Tradition on Rio,3 Bed / 2 Bath,1195,FALSE,FALSE,0,FALSE,65,TRUE,March,2025,1/2 elevators always broken,1774936536867,2026-03-31,17749365368674i3wrvxgp
Tradition on Rio,Tradition on Rio,2 Bed / 2 Bath,1475,FALSE,FALSE,0,FALSE,60,TRUE,August,2025,New management sucks. Maintenance takes awhile now and elevators are always broken/slow.,1775007231496,2026-04-01,1775007231496648w3fbvu
Tradition on Rio,Tradition on Rio,3 Bed / 3 Bath,1250,FALSE,FALSE,0,FALSE,40,TRUE,January,2026,N/A,1776140035699,2026-04-14,1776140035699bfpu9unkv
Tradition on Rio,Tradition on Rio,4 Bed / 2 Bath,1175,FALSE,FALSE,0,FALSE,65,TRUE,January,2025,Elevators are always randomly out but maintenance for everything else is pretty good. The staff themselves are very uninformed though,1776272700732,2026-04-15,17762727007323ifzht0mk
Tradition on Rio,Tradition on Rio,3 Bed / 3 Bath,1275,FALSE,FALSE,0,FALSE,0,TRUE,January,2025,Bad elevator,1776476837132,2026-04-18,1776476837133mxxag0cj2
Tradition on Rio,Tradition on Rio,4 Bed / 2 Bath,1115,FALSE,TRUE,150,FALSE,60,TRUE,August,2026,"gym, close to wampus (8 mins) pool",1777241436533,2026-04-26,1777241436533nlzrucpth
Tradition on Rio,Tradition on Rio,1 Bed / 1 Bath,1755,FALSE,TRUE,135,FALSE,0,TRUE,May,2026,idk i was desperate for a studio,1779220851164,2026-05-19,1779220851164vxrhajdfn
Tradition on Rio,Tradition on Rio,1 Bed / 1 Bath,1710,FALSE,FALSE,0,FALSE,0,TRUE,June,2026,na,1780520013318,2026-06-03,1780520013319n1pri0dd6
Tradition on Rio,Tradition on Rio,Studio,1250,FALSE,TRUE,0,FALSE,10,TRUE,May,2025,Loud neighbors,1781011462171,2026-06-09,1781011462171p79dnhzzn
Treehouse Condominiums,Treehouse Condominiums,Unknown,1250,TRUE,TRUE,0,FALSE,100,TRUE,August,2026,Includes assigned parking,1777080579515,2026-04-25,1777080579515a9j4tp3n8
Troubadour,Troubadour,4 Bed / 4 Bath,725,FALSE,FALSE,0,FALSE,55,TRUE,August,2026,"2900 is total rent, individual is split among four.",1772206001908,2026-02-27,1772206001908k73yljqna
Troubadour,Troubadour,2 Bed / 2 Bath,1420,FALSE,FALSE,0,FALSE,90,TRUE,June,2025,"Elevator broken once every 3 months, zero leakages, appliances never broken, amenities are clean, maintenance has a 1 day max turnaround.",1773297499340,2026-03-12,1773297499340g1ysx1yup
Troubadour,Troubadour,1 Bed / 1 Bath,1785,FALSE,TRUE,0,FALSE,50,TRUE,May,2026,Good,1780643676672,2026-06-05,17806436766737jup7tsv8
Twenty Two15,Twenty Two15,4 Bed / 4 Bath,1180,FALSE,FALSE,0,FALSE,0,FALSE,November,2022,6/10 from COLA. Walk time to campus is 11 - 15 min. Data from Wampus.fyi,1697890489000,2023-10-21,1697890489000pvazbjk6u
Twenty Two15,Twenty Two15,4 Bed / 4 Bath,1125,FALSE,FALSE,0,FALSE,0,FALSE,December,2023,8/10 from Moody. Walk time to campus is 5 - 10 min. Data from Wampus.fyi,1697890784000,2023-10-21,1697890784000pn5po5jo7
Twenty Two15,Twenty Two15,4 Bed / 4 Bath,1125,FALSE,FALSE,0,FALSE,0,FALSE,November,2022,8/10 from Cockrell. Walk time to campus is 11 - 15 min. Data from Wampus.fyi,1697890930000,2023-10-21,1697890930000zdddpamn2
Twenty Two15,Twenty Two15,1 Bed / 1 Bath,1410,FALSE,FALSE,0,FALSE,0,FALSE,October,2022,9/10 from CNS. Walk time to campus is 11 - 15 min. Data from Wampus.fyi,1697891053000,2023-10-21,1697891053000s6ef1gdqx
Twenty Two15,Twenty Two15,4 Bed / 4 Bath,1165,FALSE,FALSE,0,FALSE,0,FALSE,November,2022,6/10 from Cockrell. Walk time to campus is 11 - 15 min. Data from Wampus.fyi,1697891164000,2023-10-21,1697891164000nnc903qy1
Twenty Two15,Twenty Two15,1 Bed / 1 Bath,1350,FALSE,FALSE,0,FALSE,0,FALSE,November,2022,9/10 from Cockrell. Walk time to campus is 16 - 20 min. Data from Wampus.fyi,1697891173000,2023-10-21,1697891173000ujmftl4xd
Twenty Two15,Twenty Two15,4 Bed / 4 Bath,1190,FALSE,FALSE,0,FALSE,0,FALSE,November,2022,"5/10 from CNS, Moody. Walk time to campus is 11 - 15 min. Data from Wampus.fyi",1697891229000,2023-10-21,16978912290009i87xjjdq
Twenty Two15,Twenty Two15,2 Bed / 2 Bath,1135,FALSE,FALSE,0,FALSE,0,FALSE,October,2022,8/10 from CNS. Walk time to campus is 5 - 10 min. Data from Wampus.fyi,1697893073000,2023-10-21,169789307300076o0opg3b
Twenty Two15,Twenty Two15,1 Bed / 1 Bath,1500,FALSE,TRUE,150,FALSE,0,TRUE,,,One time payment of $200 for utlities. Enjoy the single just think the price is a little high,1771303524000,2026-02-17,seed_1771303524000_98ddfa
Twenty Two15,Twenty Two15,4 Bed / 4 Bath,720,TRUE,FALSE,0,FALSE,15,TRUE,,,Wanted to do quarters but they raised their prices and everything else was running out so 2215 had an opening. Currently in the only double Occupancy room with someone,1771365200000,2026-02-17,seed_1771365200000_c72fc6
Twenty Two15,Twenty Two15,2 Bed / 2 Bath,1340,FALSE,FALSE,0,FALSE,0,TRUE,,,it was the cheapest option at the time and I just followed my friend cause he wanted me to room with him. It's similar to Castilian and like I've heard their quite good with maintenance,1771454423000,2026-02-18,seed_1771454423000_8ae29d
Twenty Two15,Twenty Two15,1 Bed / 1 Bath,950,TRUE,FALSE,0,FALSE,0,TRUE,,,"They usually give out a 600$ Signing bonus. Living here was Double Occupancy, lived there for 3 Years",1771537423000,2026-02-19,seed_1771537423000_6e3548
Twenty Two15,Twenty Two15,4 Bed / 4 Bath,1250,FALSE,FALSE,0,FALSE,0,TRUE,,,Yea it's fine but the location is really great,1771537479000,2026-02-19,seed_1771537479000_e2cd0f
Twenty Two15,Twenty Two15,4 Bed / 4 Bath,1305,FALSE,FALSE,0,FALSE,35,TRUE,November,2026,"Includes minimal gym, no pool, two decent sized study rooms, courtyard is often used for parties, but maintenance is really solid!",1772344514101,2026-03-01,17723445141010zytj0qdc
Twenty Two15,Twenty Two15,1 Bed / 1 Bath,1395,FALSE,FALSE,0,FALSE,40,TRUE,November,2025,Gym and pool,1772677720742,2026-03-05,1772677720742liawhash0
Twenty Two15,Twenty Two15,1 Bed / 1 Bath,1300,FALSE,FALSE,0,FALSE,70,TRUE,September,2025,good maintenance,1773416952407,2026-03-13,1773416952407lwf9p36ut
Twenty Two15,Twenty Two15,1 Bed / 1 Bath,1910,FALSE,FALSE,0,FALSE,50,TRUE,August,2025,Good,1773452755122,2026-03-14,1773452755122t72itzlot
Twenty Two15,Twenty Two15,4 Bed / 4 Bath,1320,FALSE,FALSE,0,FALSE,30,TRUE,January,2025,Great amenities,1773514732928,2026-03-14,1773514732928ctc8xpi2s
Twenty Two15,Twenty Two15,4 Bed / 4 Bath,1220,FALSE,FALSE,0,FALSE,50,TRUE,August,2025,N/a,1773882288248,2026-03-19,1773882288248aqgsde6b1
Twenty Two15,Twenty Two15,1 Bed / 1 Bath,1765,TRUE,FALSE,0,FALSE,100,TRUE,February,2024,Good,1774076626335,2026-03-21,1774076626335lfmzbhr4i
Twenty Two15,Twenty Two15,2 Bed / 2 Bath,1350,FALSE,FALSE,0,FALSE,0,TRUE,November,2025,"Seem good, havent lived there yet",1774455005948,2026-03-25,1774455005948i5ctabdiv
Twenty Two15,Twenty Two15,4 Bed / 4 Bath,1550,FALSE,TRUE,155,FALSE,135,TRUE,April,2026,na,1782341377238,2026-06-24,1782341377238xi1jg4n2r
Twenty Two15,Twenty Two15,2 Bed / 2 Bath,1655,FALSE,TRUE,135,FALSE,65,TRUE,February,2025,na,1782341445801,2026-06-24,17823414458017hydxgtoe
Union on 24th,Union on 24th,1 Bed / 1 Bath,1400,FALSE,FALSE,0,FALSE,40,TRUE,,,"Pet fees, and pest fees. Updated furniture, and painted walls",1771438305000,2026-02-18,seed_1771438305000_7da806
Union on 24th,Union on 24th,4 Bed / 4 Bath,1250,FALSE,FALSE,0,FALSE,25,TRUE,,,"Nope. Nice bathroom, smaller apartment size and kitchen but new appliances make up for it",1771522558000,2026-02-19,seed_1771522558000_3c1376
Union on 24th,Union on 24th ,Studio,1189,FALSE,TRUE,200,FALSE,30,TRUE,,,Referred by a friend. Pro: Pretty clean and no mold issues .Con: elevators break down sometimes and sucky water pressure,1771642674000,2026-02-21,seed_1771642674000_2e761b
Union on 24th,Union on 24th,Studio,1910,FALSE,TRUE,200,FALSE,23,TRUE,,,"Floor 23. It’s nice. The amenities are really nice (Community Study Areas, Private Meeting Areas, Theatre Space, Gaming Space, Basketball Court, Boxing Area, Golf Simulator, Spin Studio, Gym, Makers Space (Art/Crafts), Dog Park, Dog Spa/Wash). Hidden Fees: Rent Service Fee? (It’s like ≈6 a month), another 9% service fee for utilities. Like— the rent is already sky high, wdym you need “service fee”?? Why is it not built in?😭😭😭😭 the rent is enough to cover “services” bruh. I like the Trash Chute, each floor can throw trash easily. Residents aren’t really respectful with it though, not a building problem, it’s a people problem. Wall noise cancelation is good. Front door and window noise cancellation is not, I hear cars screeching to a stop and sirens everyday. The counter/cabinets materia is cheap wood, it’s stick wallpaper type sh.",1771748309000,2026-02-22,seed_1771748309000_9766ad
Union on 24th,union on 24th,4 Bed / 4 Bath,1540,FALSE,FALSE,0,FALSE,40,TRUE,,,"originally thought it was 1460, changed to 1540 when signing. nice",1771778372000,2026-02-22,seed_1771778372000_3b1240
Union on 24th,Union on 24th,Studio,880,FALSE,TRUE,185,FALSE,30,TRUE,,,"Fantastic, love the amenities, maintenance is decently responsive",1771791135000,2026-02-22,seed_1771791135000_e141ec
Union on 24th,Union on 24th,2 Bed / 2 Bath,1610,FALSE,TRUE,200,FALSE,50,TRUE,,,Lots of little (and big) structural issues that have had to be taken care of. Let me know if you want the full details 👀👀,1771917121000,2026-02-24,seed_1771917121000_cc90a6
Union on 24th,Union on 24th,4 Bed / 4 Bath,1285,FALSE,FALSE,0,FALSE,30,TRUE,September,2026,"base is 1585. we had a 300/month ""discount"" for signing early.",1772158090462,2026-02-27,1772158090462f5h6i6d16
Union on 24th,Union on 24th,4 Bed / 4 Bath,1140,FALSE,FALSE,0,FALSE,30,TRUE,July,2026,,1772207643016,2026-02-27,1772207643016owi5v83vg
Union on 24th,Union on 24th,1 Bed / 1 Bath,2000,FALSE,FALSE,0,FALSE,40,TRUE,August,2026,,1772236575178,2026-02-27,17722365751787w86bpik7
Union on 24th,Union on 24th,4 Bed / 4 Bath,1400,FALSE,FALSE,0,FALSE,75,TRUE,January,2026,,1772273834367,2026-02-28,17722738343676ebjv10m7
Union on 24th,Union on 24th,4 Bed / 4 Bath,1510,FALSE,FALSE,0,FALSE,30,TRUE,January,2026,,1772394468694,2026-03-01,1772394468694kgxcceq1q
Union on 24th,Union on 24th,1 Bed / 1 Bath,1710,FALSE,FALSE,0,FALSE,0,TRUE,August,2024,"I liked Union, I just don’t enjoy being so high up. It was pricey, and my room was really small",1772504931762,2026-03-03,1772504931762pnus5plpm
Union on 24th,Union on 24th,2 Bed / 2 Bath,1800,FALSE,FALSE,0,FALSE,30,TRUE,September,2025,Lots of elevators and close to campus.,1772516269188,2026-03-03,17725162691887zfof5h3j
Union on 24th,Union on 24th,4 Bed / 4 Bath,1250,FALSE,FALSE,0,FALSE,30,TRUE,September,2024,"Small kitchen, new space",1772560198424,2026-03-03,1772560198424ikmjp7tgo
Union on 24th,Union on 24th,1 Bed / 1 Bath,1945,FALSE,FALSE,0,FALSE,50,TRUE,October,2025,"Gas grills still don’t work, but the building has amazing amenities",1772592911348,2026-03-04,1772592911348e6b1qhm3u
Union on 24th,Union on 24th,1 Bed / 1 Bath,884,FALSE,FALSE,0,FALSE,30,TRUE,September,2024,"Gym, rooftop pool, golf simulator, dog park, movie theater, etc",1772600162888,2026-03-04,17726001628887ilu0m4z2
Union on 24th,Union on 24th,4 Bed / 4 Bath,1530,FALSE,FALSE,0,FALSE,50,TRUE,August,2026,None,1772604709330,2026-03-04,1772604709330d0mwvu2ns
Union on 24th,Union on 24th,4 Bed / 4 Bath,1465,FALSE,FALSE,0,FALSE,50,TRUE,August,2025,Small living area and kitchen. Detached bathrooms. Small rooms,1772689308114,2026-03-05,1772689308114x9qv97jqx
Union on 24th,Union on 24th,4 Bed / 4 Bath,1505,FALSE,FALSE,0,FALSE,15,TRUE,February,2024,Nice place!,1772703779814,2026-03-05,17727037798142v7a266fy
Union on 24th,Union on 24th,2 Bed / 2 Bath,1510,FALSE,FALSE,0,FALSE,30,TRUE,March,2025,N/A,1772819548345,2026-03-06,1772819548345bpnapxy7a
Union on 24th,Union on 24th,1 Bed / 1 Bath,1645,FALSE,FALSE,0,FALSE,0,TRUE,January,2026,"8 Elevators, Sky Garden",1773080723785,2026-03-09,1773080723785wjfv5mmt1
Union on 24th,Union on 24th,4 Bed / 4 Bath,1575,FALSE,FALSE,0,FALSE,0,TRUE,January,2025,None,1773088099550,2026-03-09,1773088099550fandpshd1
Union on 24th,Union on 24th,2 Bed / 2 Bath,1595,FALSE,FALSE,0,FALSE,50,TRUE,August,2025,Nice amenities and study areas,1773242801897,2026-03-11,17732428018974mic4u36h
Union on 24th,Union on 24th,4 Bed / 4 Bath,1250,FALSE,FALSE,0,FALSE,40,TRUE,August,2025,Good amenities,1773259848542,2026-03-11,1773259848542bamvydnpi
Union on 24th,Union on 24th,4 Bed / 4 Bath,1495,FALSE,FALSE,0,FALSE,40,TRUE,January,2024,"When you live under a popular amenity like the basketball court or the boxing gym, the sound from the basketball bouncing or boxing gym music gets SO loud. These amenities are open 10am-10pm, so it's just constant noise all day long and it has disrupted interviews, studying, and sleeping. My mental health has never been worse. My roommates and I have complained to management multiple times, and they'll just brush you off. We didn't know we'd be under the basketball court when we first signed either, we were notified of our room number about a month before we moved in.",1773279508999,2026-03-12,177327950899989tmi3sty
Union on 24th,Union on 24th,Studio,2040,FALSE,FALSE,0,FALSE,0,TRUE,June,2025,small bedrooms no closet space,1773279891989,2026-03-12,1773279891989sc1xv4nbm
Union on 24th,Union on 24th,4 Bed / 4 Bath,1295,FALSE,FALSE,0,FALSE,30,TRUE,August,2024,pretty chill,1773281685454,2026-03-12,1773281685454bjoaf3ld1
Union on 24th,Union on 24th,4 Bed / 4 Bath,1295,FALSE,FALSE,0,FALSE,30,TRUE,January,2024,chill,1773281787074,2026-03-12,1773281787074vm4iv9rmt
Union on 24th,Union on 24th,2 Bed / 2 Bath,1435,TRUE,FALSE,0,FALSE,85,TRUE,June,2024,G,1773371872444,2026-03-13,1773371872444xqfbu98s2
Union on 24th,Union on 24th,4 Bed / 4 Bath,1450,FALSE,FALSE,0,FALSE,30,TRUE,October,2025,parking not included,1773386507663,2026-03-13,1773386507663wiyu2ksxq
Union on 24th,Union on 24th,1 Bed / 1 Bath,1985,FALSE,FALSE,0,FALSE,50,TRUE,November,2025,Includes gym and pool and cinema room,1773712608482,2026-03-17,1773712608482n22rmf0yp
Union on 24th,Union on 24th,2 Bed / 2 Bath,1205,FALSE,FALSE,0,FALSE,70,TRUE,January,2026,Elevator not good,1773876364674,2026-03-18,1773876364675kqybt7tub
Union on 24th,Union on 24th,4 Bed / 4 Bath,1460,FALSE,FALSE,0,FALSE,30,TRUE,September,2024,Elevators work; good amenities; horrible security,1773879056045,2026-03-19,1773879056045ukcuni9dg
Union on 24th,Union on 24th,1 Bed / 1 Bath,1250,FALSE,FALSE,0,FALSE,0,TRUE,October,2025,Two people have died right on 24’th st so slightly cursed,1773903090253,2026-03-19,17739030902536dv7xks3t
Union on 24th,Union on 24th,1 Bed / 1 Bath,1250,FALSE,FALSE,0,FALSE,0,TRUE,October,2025,Some rooms have a window view of just a wall,1773903281745,2026-03-19,1773903281745d5k5ff0m9
Union on 24th,Union on 24th,4 Bed / 2 Bath,995,TRUE,FALSE,0,FALSE,0,TRUE,August,2026,Nice,1774061463097,2026-03-21,177406146309856x00hwqm
Union on 24th,Union on 24th,4 Bed / 4 Bath,1230,FALSE,FALSE,0,FALSE,30,TRUE,August,2025,"Close to campus, lots of amenities",1774275163533,2026-03-23,1774275163533nogr1ny2j
Union on 24th,Union on 24th,4 Bed / 4 Bath,1205,FALSE,FALSE,0,FALSE,45,TRUE,July,2024,close,1774747161703,2026-03-29,177474716170385ror3zgi
Union on 24th,Union on 24th,10 Bed / 10 Bath,1280,FALSE,FALSE,0,FALSE,50,TRUE,August,2025,Gym and pool,1774771309501,2026-03-29,1774771309501ddb76mb05
Union on 24th,Union on 24th,4 Bed / 4 Bath,1235,FALSE,FALSE,0,FALSE,45,TRUE,October,2024,Fine,1774912652263,2026-03-30,17749126522636b4w88lke
Union on 24th,Union on 24th,1 Bed / 1 Bath,1765,FALSE,FALSE,0,FALSE,15,TRUE,January,2026,Lot of elevators,1774993075214,2026-03-31,1774993075214zc1kwm3j3
Union on 24th,Union on 24th,Unknown,1215,FALSE,FALSE,0,FALSE,50,TRUE,June,2026,N/A,1775181228868,2026-04-03,1775181228868du1bjskqg
Union on 24th,Union on 24th,2 Bed / 2 Bath,1175,FALSE,FALSE,0,FALSE,55,TRUE,January,2025,N/A,1775181481578,2026-04-03,1775181481578dab54br6h
Union on 24th,Union on 24th,1 Bed / 1 Bath,1760,FALSE,FALSE,0,FALSE,20,TRUE,January,2026,"Good amenities, lots of elevators",1775315070668,2026-04-04,1775315070668tct7i3qkw
Union on 24th,Union on 24th,2 Bed / 2 Bath,1225,FALSE,FALSE,0,FALSE,40,TRUE,February,2025,good,1775944606052,2026-04-11,1775944606052jbyiiryjd
Union on 24th,Union on 24th,4 Bed / 4 Bath,1550,FALSE,FALSE,0,FALSE,40,TRUE,October,2024,No rooftop grills,1776100644608,2026-04-13,1776100644608zgo4j5xzg
Union on 24th,Union on 24th,2 Bed / 2 Bath,1555,FALSE,FALSE,0,FALSE,55,TRUE,April,2026,Gym,1776232075698,2026-04-15,1776232075698pdi7scyol
Union on 24th,Union on 24th,4 Bed / 4 Bath,1510,FALSE,FALSE,0,FALSE,0,TRUE,October,2025,good amenities,1776278397892,2026-04-15,1776278397892nm2mriyee
Union on 24th,Union on 24th,4 Bed / 4 Bath,1485,FALSE,FALSE,0,FALSE,30,TRUE,August,2026,Nice,1776304972921,2026-04-16,17763049729225ye9j64qh
Union on 24th,Union on 24th,2 Bed / 2 Bath,1800,FALSE,TRUE,200,FALSE,50,TRUE,January,2026,Next year lease,1776656436369,2026-04-20,1776656436369je49t19um
Union on 24th,Union on 24th,4 Bed / 4 Bath,1150,FALSE,TRUE,195,FALSE,90,TRUE,April,2026,B,1777337318565,2026-04-28,1777337318565w25z3p0ks
Union on 24th,Union on 24th,2 Bed / 2 Bath,1610,FALSE,TRUE,150,FALSE,25,TRUE,September,2025,Have not moved in yet but amenities seem very nice.,1779879972338,2026-05-27,17798799723396eeg1vact
Union on 24th,Union on 24th,2 Bed / 2 Bath,1625,FALSE,TRUE,150,FALSE,25,TRUE,September,2025,Haven't moved in yet but ammenities seem very nice,1779880106923,2026-05-27,17798801069235f4duzcf9
Union on 24th,Union on 24th,2 Bed / 2 Bath,1655,FALSE,TRUE,150,FALSE,25,TRUE,April,2025,"Haven't moved in yet, but the amenities seem very nice.",1779880177490,2026-05-27,1779880177490xu5j7gk04
Union on 24th,Union on 24th,4 Bed / 4 Bath,1420,FALSE,TRUE,190,FALSE,60,TRUE,August,2025,Good,1781301603197,2026-06-12,1781301603197l47j9z2w7
Union on 24th,Union on 24th,50 Bed / 50 Bath,1265,FALSE,TRUE,150,FALSE,80,TRUE,March,2026,Nice amenities,1782489025474,2026-06-26,1782489025474y0tcesh7a
Union on 24th,Union on 24th,2 Bed / 2 Bath,855,FALSE,TRUE,115,FALSE,20,TRUE,February,2024,G,1783578318034,2026-07-09,17835783180341xyyuv0x8
Union on 24th,Union on 24th,4 Bed / 4 Bath,1365,FALSE,TRUE,185,FALSE,30,TRUE,October,2024,Big building,1784260584059,2026-07-17,1784260584059uvz6z5agm
Union on San Antonio,Union on San Antonio,4 Bed / 2 Bath,1320,FALSE,FALSE,0,FALSE,0,TRUE,,,Roommates wanted to sign and so just follower. Really like how fancy it was with nice study rooms and it being clean with a gym too!,1771365954000,2026-02-17,seed_1771365954000_d5fdc2
Union on San Antonio,UNion on San Antonio,4 Bed / 4 Bath,1200,FALSE,TRUE,180,FALSE,20,TRUE,,,"Google Maps. No fees.. Circuit breaks, but calm otherwise",1771461620000,2026-02-19,seed_1771461620000_d8002c
Union on San Antonio,Union on San Antonio,Studio,1184,FALSE,FALSE,0,FALSE,30,TRUE,,,I lived there in a 4by4 and then signed in early september to get smart housing the next year.. Lobby is very messy on the weekends,1771538361000,2026-02-19,seed_1771538361000_79f22a
Union on San Antonio,Union on San Antonio,4 Bed / 4 Bath,1540,FALSE,TRUE,180,FALSE,5,TRUE,,,"No hidden fees that I know of, but a larger rent concession was given two days after I signed💀. It’s a new building so the amenities and just building as a whole are really nice. Amenities I’d say are among the best in Wampus but the apartment layouts are lowkey ugly and an ineffective use of space for such a modern building.",1771558914000,2026-02-20,seed_1771558914000_c80849
Union on San Antonio,Union on San Antonio,4 Bed / 4 Bath,1240,FALSE,FALSE,0,FALSE,5,TRUE,,,"Security deposit was like 200$ also its 1240 in 12 installments but if u move out u only live there 11 months. Honestly I got such a good deal… super clean, quiet, good amenities, decent elevators, nice study room",1771633955000,2026-02-21,seed_1771633955000_e7e498
Union on San Antonio,Union on San Antonio,4 Bed / 4 Bath,1305,FALSE,FALSE,0,FALSE,5,TRUE,,,"Saw it being built from my old apartment and wanted newer facilities. I don’t think there were any “gotcha” moments for me.. Elevators are always broken, maintenance is a bit mean when asking to take shoes off, otherwise it’s overall a good experience.",1771868610000,2026-02-23,seed_1771868610000_4a955f
Union on San Antonio,Union on San Antonio,4 Bed / 4 Bath,1400,FALSE,FALSE,0,FALSE,0,TRUE,,,Private balcony and it's pretty close to Campus! asked around with people who lived there and they all said it was nice. I also have a private bathroom!,1772145682000,2026-02-26,seed_1772145682000_fe4337
Union on San Antonio,Union on San Antonio,4 Bed / 4 Bath,1500,FALSE,FALSE,0,FALSE,0,TRUE,August,2026,,1772176254904,2026-02-27,1772176254904vmum7ly79
Union on San Antonio,Union on San Antonio,4 Bed / 2 Bath,1200,FALSE,FALSE,0,FALSE,5,TRUE,July,2026,,1772203030045,2026-02-27,1772203030045mz4404l2o
Union on San Antonio,Union on San Antonio,2 Bed / 2 Bath,1400,FALSE,FALSE,0,FALSE,25,TRUE,May,2026,,1772209689532,2026-02-27,1772209689532hytwd3m16
Union on San Antonio,Union on San Antonio,4 Bed / 4 Bath,1240,FALSE,FALSE,0,FALSE,30,TRUE,September,2026,,1772219522008,2026-02-27,177221952200812yqbhkj9
Union on San Antonio,Union on San Antonio,4 Bed / 2 Bath,997,FALSE,FALSE,0,FALSE,25,TRUE,August,2026,,1772237702792,2026-02-28,17722377027929k5w5rpk8
Union on San Antonio,Union on San Antonio,Studio,882,FALSE,FALSE,0,FALSE,80,TRUE,May,2026,"Studio, smart housing",1772238411702,2026-02-28,177223841170234uxlgl9w
Union on San Antonio,Union on San Antonio,4 Bed / 4 Bath,1300,FALSE,FALSE,0,FALSE,0,TRUE,January,2026,,1772295780433,2026-02-28,17722957804332v8nxjizk
Union on San Antonio,Union on San Antonio,1 Bed / 1 Bath,2100,FALSE,FALSE,0,FALSE,15,TRUE,February,2025,Thick walls. Quiet. Great views. Sometimes elevators take long.,1772499236170,2026-03-03,1772499236170kn3diz6jm
Union on San Antonio,Union on San Antonio,1 Bed / 1 Bath,1181,FALSE,FALSE,0,FALSE,15,TRUE,September,2024,Broken elevator,1772546888936,2026-03-03,1772546888936o8n883rnf
Union on San Antonio,Union on San Antonio,2 Bed / 2 Bath,1640,FALSE,FALSE,0,FALSE,25,TRUE,October,2025,nice amenities,1772560439820,2026-03-03,17725604398207td6vo7ey
Union on San Antonio,Union on San Antonio,2 Bed / 2 Bath,1530,FALSE,FALSE,0,FALSE,15,TRUE,March,2025,"Occasional slow elevators, lukewarm water but great place to live",1772584338645,2026-03-04,1772584338645ayr7b31in
Union on San Antonio,Union on San Antonio,1 Bed / 1 Bath,1550,FALSE,FALSE,0,FALSE,15,TRUE,August,2026,"Broken Elevators, Good Amenities,",1772638501767,2026-03-04,177263850176729846w0ak
Union on San Antonio,Union on San Antonio,1 Bed / 1 Bath,1840,FALSE,FALSE,0,FALSE,0,TRUE,August,2026,Studio,1772651729381,2026-03-04,1772651729381db1woe3qu
Union on San Antonio,Union on San Antonio,4 Bed / 2 Bath,1285,FALSE,FALSE,0,FALSE,0,TRUE,August,2026,Close to campus nice amenites,1772666541643,2026-03-04,1772666541643bj5si08m2
Union on San Antonio,Union on San Antonio,4 Bed / 4 Bath,1325,FALSE,FALSE,0,FALSE,5,TRUE,August,2024,N/A,1772669749970,2026-03-05,1772669749971zrl3z5wlv
Union on San Antonio,Union on San Antonio,4 Bed / 4 Bath,1250,FALSE,FALSE,0,FALSE,55,TRUE,July,2025,Good gym,1772688346600,2026-03-05,1772688346600fwmrzz5lu
Union on San Antonio,Union on San Antonio,4 Bed / 4 Bath,1200,FALSE,FALSE,0,FALSE,10,TRUE,September,2025,Free coffee,1772689239670,2026-03-05,1772689239671p4haecymo
Union on San Antonio,Union on San Antonio,4 Bed / 4 Bath,1530,FALSE,FALSE,0,FALSE,0,TRUE,October,2025,"Gym and pool, storage for scooters",1772695515701,2026-03-05,1772695515702ds193uibe
Union on San Antonio,Union on San Antonio,4 Bed / 4 Bath,1280,FALSE,FALSE,0,FALSE,15,TRUE,June,2025,Broken Elevator,1772739281925,2026-03-05,1772739281925fud6n25xe
Union on San Antonio,Union on San Antonio,2 Bed / 2 Bath,1405,FALSE,FALSE,0,FALSE,55,TRUE,April,2025,Mainteance can be slow,1772760226016,2026-03-06,1772760226016t67ld8mef
Union on San Antonio,Union on San Antonio,4 Bed / 2 Bath,1235,FALSE,FALSE,0,FALSE,5,TRUE,September,2024,"Broken elevators sometimes, rest is fine",1773166899899,2026-03-10,17731668998992ds0x6zby
Union on San Antonio,Union on San Antonio,4 Bed / 4 Bath,960,FALSE,FALSE,0,FALSE,15,TRUE,January,2025,"Signed for an open unit for the spring semester, parking is rate for motorcycle",1773219937991,2026-03-11,1773219937991bvppcxbuj
Union on San Antonio,Union on San Antonio,4 Bed / 4 Bath,1530,FALSE,FALSE,0,FALSE,0,TRUE,January,2026,nice amenities,1773358636683,2026-03-12,17733586366837bzwjro95
Union on San Antonio,Union on San Antonio,4 Bed / 4 Bath,1520,FALSE,FALSE,0,FALSE,0,TRUE,January,2026,nice amenities,1773358698183,2026-03-12,1773358698183kp9vk8xrg
Union on San Antonio,Union on San Antonio,2 Bed / 2 Bath,1480,FALSE,FALSE,0,FALSE,50,TRUE,January,2026,Bdhhdjd,1773366060391,2026-03-13,177336606039105a8qd3z6
Union on San Antonio,Union on San Antonio,2 Bed / 2 Bath,1400,FALSE,FALSE,0,FALSE,35,TRUE,August,2025,Free coffee,1773413836316,2026-03-13,1773413836316vsvyw5hyz
Union on San Antonio,Union on San Antonio,4 Bed / 2 Bath,1670,FALSE,FALSE,0,FALSE,35,TRUE,July,2025,Broken elevator,1773421864274,2026-03-13,1773421864274iat1yy16e
Union on San Antonio,Union on San Antonio,4 Bed / 4 Bath,1385,FALSE,FALSE,0,FALSE,50,TRUE,October,2025,good gym,1773888581765,2026-03-19,1773888581765zp12b79ku
Union on San Antonio,Union on San Antonio,1 Bed / 1 Bath,1198,FALSE,FALSE,0,FALSE,20,TRUE,August,2026,free coffee,1773908020980,2026-03-19,1773908020980czhbeqgnr
Union on San Antonio,Union on San Antonio,4 Bed / 4 Bath,1465,FALSE,FALSE,0,FALSE,0,TRUE,October,2024,Super slow elevators.,1773933768889,2026-03-19,1773933768889faqcoky4u
Union on San Antonio,Union on San Antonio,4 Bed / 4 Bath,1335,FALSE,FALSE,0,FALSE,60,TRUE,November,2025,"Gym, Pool",1774006301891,2026-03-20,17740063018913r7vyby4b
Union on San Antonio,Union on San Antonio,4 Bed / 2 Bath,1295,FALSE,FALSE,0,FALSE,10,TRUE,March,2026,close to campus,1774240111056,2026-03-23,1774240111056is5c4591f
Union on San Antonio,Union on San Antonio,4 Bed / 4 Bath,1225,FALSE,FALSE,0,FALSE,25,TRUE,March,2025,"Broken elevator once a month. Quick maintenance small closest/room size, each unit has a balcony /tv",1774463513695,2026-03-25,17744635136968l2t8lvk9
Union on San Antonio,Union on San Antonio,4 Bed / 4 Bath,1200,FALSE,FALSE,0,FALSE,50,TRUE,February,2024,good,1774474346026,2026-03-25,1774474346026a3wsp8mnb
Union on San Antonio,Union on San Antonio,2 Bed / 2 Bath,1725,FALSE,FALSE,0,FALSE,20,TRUE,August,2026,includes gym and pool,1774554150144,2026-03-26,1774554150145rz4u1w4my
Union on San Antonio,Union on San Antonio,2 Bed / 2 Bath,1375,FALSE,FALSE,0,FALSE,0,TRUE,March,2025,Good gym,1774840364803,2026-03-30,1774840364803ba9qjj7kn
Union on San Antonio,Union on San Antonio,4 Bed / 4 Bath,1245,FALSE,FALSE,0,FALSE,10,TRUE,September,2025,"Pool, sauna, gym",1774925519214,2026-03-31,17749255192147tvy80ff2
Union on San Antonio,Union on San Antonio,4 Bed / 4 Bath,1375,FALSE,FALSE,0,FALSE,20,TRUE,October,2024,"Gym, Pool, and great views",1774935050360,2026-03-31,1774935050360ge5afdng8
Union on San Antonio,Union on San Antonio,4 Bed / 4 Bath,1350,FALSE,FALSE,0,FALSE,40,TRUE,September,2024,Na,1775102101912,2026-04-02,17751021019125ttojo7wk
Union on San Antonio,Union on San Antonio,4 Bed / 2 Bath,1280,FALSE,FALSE,0,FALSE,50,TRUE,May,2024,"Apartment located in the highest floors of the building. Nice gym, study rooms in all the floors, elevators are usually working, good front desk staff, nice pool.",1775227073333,2026-04-03,1775227073333fja2w0stj
Union on San Antonio,Union on San Antonio,4 Bed / 4 Bath,1335,FALSE,FALSE,0,FALSE,25,TRUE,October,2025,Includes gym,1775332960287,2026-04-04,1775332960287c6j15eicn
Union on San Antonio,Union on San Antonio,4 Bed / 2 Bath,1430,FALSE,FALSE,0,FALSE,0,TRUE,October,2025,N/A,1775623872245,2026-04-08,1775623872245t7uo4ody7
Union on San Antonio,Union on San Antonio,2 Bed / 2 Bath,1625,FALSE,FALSE,0,FALSE,95,TRUE,February,2025,Broken elevator,1776050409661,2026-04-13,1776050409661tfm60giwt
Union on San Antonio,Union on San Antonio,4 Bed / 4 Bath,1335,FALSE,FALSE,0,FALSE,30,TRUE,June,2025,NA,1776379376455,2026-04-16,1776379376455jei34g32l
Union on San Antonio,Union on San Antonio,4 Bed / 4 Bath,1085,FALSE,TRUE,175,FALSE,20,TRUE,October,2024,Broken elevators,1777204541276,2026-04-26,17772045412760kx2663ek
Union on San Antonio,Union on San Antonio,4 Bed / 4 Bath,1400,FALSE,TRUE,175,FALSE,5,TRUE,October,2025,good amenities,1778624348572,2026-05-12,1778624348572mdjqw0a38
Union on San Antonio,Union on San Antonio,4 Bed / 4 Bath,1400,FALSE,TRUE,175,FALSE,0,TRUE,October,2025,good,1778624618305,2026-05-12,1778624618305y13luz63m
Union on San Antonio,Union on San Antonio,4 Bed / 4 Bath,1335,FALSE,TRUE,100,FALSE,20,TRUE,August,2026,slow elevator,1779324108844,2026-05-21,1779324108844i87jdsrpj
Union on San Antonio,Union on San Antonio,2 Bed / 2 Bath,1420,FALSE,TRUE,190,FALSE,50,TRUE,January,2024,not bad,1784506868722,2026-07-20,1784506868722p95cnedy8
VEER Apartments,VEER Apartments,Studio,800,FALSE,TRUE,0,FALSE,200,TRUE,August,2025,15 minute drive,1781538320788,2026-06-15,1781538320788umzfsqyhr
Vanderbilt Condominiums,Vanderbilt Condominiums,1 Bed / 1 Bath,1000,FALSE,FALSE,0,TRUE,0,TRUE,,,One by one,1768816753420,2026-01-19,1768816753419wd8q829w0
Vanderbilt Condominiums,Vanderbilt Condominiums,2 Bed / 2 Bath,1000,FALSE,FALSE,0,FALSE,50,TRUE,,,"Subleasing on UT off campus housing website. Relatively older appliances, 3rd floor walk up",1771541283000,2026-02-19,seed_1771541283000_4795e9
Vanderbilt Condominiums,Vanderbilt Condominiums,2 Bed / 2 Bath,1025,TRUE,FALSE,0,FALSE,40,FALSE,,,It is double occupancy,1771546022539,2026-02-20,1771546022539v00elammb
Vanderbilt Condominiums,Vanderbilt Condominiums,2 Bed / 2 Bath,650,TRUE,FALSE,0,FALSE,0,TRUE,August,2026,,1772233789666,2026-02-27,1772233789666kvh9l8270
Vanderbilt Condominiums,Vanderbilt Condominiums,2 Bed / 2 Bath,1060,FALSE,FALSE,0,FALSE,50,TRUE,August,2026,further from campus,1773991421367,2026-03-20,1773991421367hxkiayqwe
Vanderbilt Condominiums,Vanderbilt Condominiums,2 Bed / 2 Bath,1340,FALSE,FALSE,0,FALSE,50,TRUE,February,2026,thisaslk,1774286003653,2026-03-23,1774286003653xfh5amx2b
Vanderbilt Condominiums,Vanderbilt Condominiums,4 Bed / 4 Bath,1550,FALSE,FALSE,0,FALSE,40,TRUE,May,2026,afewafa,1774295523374,2026-03-23,1774295523374g5d96dba9
Vanderbilt Condominiums,Vanderbilt Condominiums,2 Bed / 2 Bath,1200,FALSE,FALSE,0,FALSE,0,TRUE,August,2025,No elevator,1774927490025,2026-03-31,1774927490025hlsarvqtq
Venue on Guadalupe,Venue on Guadalupe,2 Bed / 2 Bath,1190,FALSE,FALSE,0,FALSE,70,TRUE,February,2026,"No application fee, no security, maintenance with this company had been pretty nice.",1772178614598,2026-02-27,1772178614598hmpfoj1zz
Venue on Guadalupe,Venue on Guadalupe,2 Bed / 2 Bath,1130,FALSE,FALSE,0,FALSE,0,TRUE,February,2026,Includes amenities from both Venues and Villas on Guad,1772686732304,2026-03-05,1772686732304bl3r2xo05
Venue on Guadalupe,Venue on Guadalupe,2 Bed / 2 Bath,1365,FALSE,FALSE,0,FALSE,50,TRUE,February,2026,a3fewoiagw34nltgnlw3VLENL,1772687818908,2026-03-05,17726878189081v3lnce41
Venue on Guadalupe,Venue on Guadalupe,2 Bed / 2 Bath,1190,FALSE,FALSE,0,FALSE,55,TRUE,August,2026,"Gym, Pool, BBq",1774479289582,2026-03-25,1774479289582hp3hdr2ks
Village at East Riverside,Village at East Riverside,4 Bed / 4 Bath,645,FALSE,FALSE,0,FALSE,50,TRUE,August,2025,"Bus commute about 40 minutes and 1 on bad traffic days but actually only about 20 minutes away, pest issues",1772658673605,2026-03-04,17726586736056fjz7575g
Villas at San Gabriel,Villas at San Gabriel,5 Bed / 5 Bath,1099,FALSE,FALSE,0,FALSE,85,TRUE,February,2025,Movie room,1773201137639,2026-03-11,1773201137639bt5wtri1m
Villas at San Gabriel,Villas at San Gabriel,3 Bed / 3 Bath,1265,FALSE,FALSE,0,FALSE,60,TRUE,November,2024,"Elevators are always broken. Gym, pool, and  basketball court amenities. Staff is generally alright, but they increased our rent by over 100 a month for next year so we're moving out.",1773207736780,2026-03-11,1773207736782521qk67hg
Villas at San Gabriel,Villas at San Gabriel,3 Bed / 3 Bath,1405,FALSE,FALSE,0,FALSE,70,TRUE,August,2025,broken elevator,1773979675661,2026-03-20,1773979675661wxyz4j801
Villas at San Gabriel,Villas at San Gabriel,3 Bed / 3 Bath,1405,FALSE,FALSE,0,FALSE,100,TRUE,August,2025,broken elevators,1775156103687,2026-04-02,1775156103687afq94uhxy
Villas on 24th,Villas on 24th,5 Bed / 5 Bath,1750,FALSE,FALSE,0,FALSE,50,TRUE,,,"Great place to live overall. Clean, nice, new",1771730091000,2026-02-22,seed_1771730091000_659a4d
Villas on 24th,Villas on 24th,1 Bed / 1 Bath,1181,FALSE,FALSE,0,FALSE,110,TRUE,September,2024,"Close to campus, has nice amenities, security at night, new!, elevator issues, loud and messy residents but complex cleans up their messes fast! But thin walls…",1772775837187,2026-03-06,1772775837187o3cq9dy1m
Villas on 24th,Villas on 24th,2 Bed / 2 Bath,1865,FALSE,FALSE,0,FALSE,65,TRUE,September,2024,"Gym, pool, sauna",1773109921213,2026-03-10,1773109921213bn4dyfpio
Villas on 24th,Villas on 24th,1 Bed / 1 Bath,882,FALSE,FALSE,0,FALSE,70,TRUE,September,2024,Pretty clean most of the time but it can get dirty bc of the frat and sorority people. Haven’t had any issues maintenance or management wise though,1773700718589,2026-03-16,1773700718589babbxz8l3
Villas on 24th,Villas on 24th,4 Bed / 4 Bath,1550,FALSE,FALSE,0,FALSE,50,TRUE,August,2026,N/A,1774995069580,2026-03-31,1774995069580wovapeo7c
Villas on 24th,Villas on 24th,1 Bed / 1 Bath,1300,FALSE,FALSE,0,FALSE,0,TRUE,August,2026,Q,1775485029164,2026-04-06,1775485029164l8s97dxyc
Villas on 24th,Villas on 24th,4 Bed / 4 Bath,1560,FALSE,FALSE,0,FALSE,50,TRUE,September,2024,"Gym, basketball court, pool",1775924799363,2026-04-11,17759247993637p1t4v41p
Villas on 24th,Villas on 24th,1 Bed / 1 Bath,935,FALSE,FALSE,0,FALSE,0,TRUE,August,2026,I have SMART Housing so 900… I'm not complaining about anything,1776278209105,2026-04-15,1776278209105qt7rlml22
Villas on 26th,Villas on 26th,3 Bed / 3 Bath,1070,FALSE,FALSE,0,FALSE,0,FALSE,November,2022,6/10 from McCombs. Walk time to campus is 16 - 20 min. Data from Wampus.fyi,1697899626000,2023-10-21,1697899626000h2npwwssy
Villas on 26th,Villas on 26th,6 Bed / 6 Bath,999,FALSE,FALSE,0,FALSE,109,TRUE,,,UT Realtor we had a $80 amenity fee once we first moved in. Things break here a lot maintenance is good but annoying putting in a request weekly,1771479273000,2026-02-19,seed_1771479273000_9a9b6e
Villas on 26th,Villas on 26th,4 Bed / 4 Bath,1050,FALSE,FALSE,0,FALSE,0,TRUE,,,Wanted to just sign with friends near the engineering area. There is a pretty bad cockroach problem so we have to kill them everyday,1771714898000,2026-02-21,seed_1771714898000_26e86b
Villas on 26th,Villas on 26th,3 Bed / 2 Bath,999,FALSE,FALSE,0,FALSE,80,TRUE,February,2025,Broken elevator,1772579204427,2026-03-03,17725792044270kl0wauv2
Villas on 26th,Villas on 26th,4 Bed / 4 Bath,1110,FALSE,FALSE,0,FALSE,0,TRUE,November,2025,M,1772689083423,2026-03-05,1772689083423gt4f3q5xs
Villas on 26th,Villas on 26th,6 Bed / 6 Bath,950,FALSE,FALSE,0,FALSE,150,TRUE,October,2024,Broken Elevator like 50% of the time,1773875089529,2026-03-18,1773875089529mi50p97ey
Villas on Guadalupe,Villas on Guadalupe,5 Bed / 3 Bath,992,FALSE,FALSE,0,FALSE,35,TRUE,July,2026,,1772164654837,2026-02-27,1772164654837k7am2abso
Villas on Guadalupe,Villas on Guadalupe,2 Bed / 1 Bath,1222,FALSE,FALSE,0,FALSE,75,TRUE,October,2026,Sister complex to venue on guad so we have access to both building's amenities. This is also for a larger room and furnished so $100 extra in the base rent. (Originally 1122),1772178495974,2026-02-27,1772178495975y4fcxt350
Villas on Guadalupe,Villas on Guadalupe,2 Bed / 2 Bath,1295,FALSE,FALSE,0,FALSE,70,TRUE,August,2026,,1772255984502,2026-02-28,1772255984503wh2ci38fz
Villas on Guadalupe,Villas on Guadalupe,3 Bed / 2 Bath,950,FALSE,FALSE,0,FALSE,50,TRUE,August,2025,N/A,1772487676432,2026-03-02,177248767643212wk9079f
Villas on Guadalupe,Villas on Guadalupe,2 Bed / 2 Bath,1195,FALSE,FALSE,0,FALSE,0,TRUE,August,2026,"Includes gym and pool, and access to the gym at Venue on Guadalupe",1772660964155,2026-03-04,1772660964155elnc6o3d4
Villas on Guadalupe,Villas on Guadalupe,2 Bed / 2 Bath,1115,FALSE,FALSE,0,FALSE,0,TRUE,January,2026,Good,1772673140312,2026-03-05,17726731403120qmqsueg5
Villas on Guadalupe,Villas on Guadalupe,2 Bed / 2 Bath,1120,FALSE,FALSE,0,FALSE,50,TRUE,August,2025,"Slow elevator, stupid doors, mid amenities.",1772743331356,2026-03-05,1772743331356if6yr14oy
Villas on Guadalupe,Villas on Guadalupe,3 Bed / 3 Bath,1130,FALSE,FALSE,0,FALSE,50,TRUE,March,2025,"Got my parking waived! Elevator, small gym. pool, nice amenities, in-unit laundry",1772761676141,2026-03-06,1772761676141v4q7wtjag
Villas on Guadalupe,Villas on Guadalupe,2 Bed / 1 Bath,790,FALSE,FALSE,0,FALSE,0,TRUE,August,2026,Close to campus,1773253502347,2026-03-11,1773253502348xkt53uq6r
Villas on Guadalupe,Villas on Guadalupe,1 Bed / 1 Bath,1815,TRUE,FALSE,0,FALSE,105,TRUE,March,2025,Water outages,1773337142494,2026-03-12,1773337142494346zmxnh1
Villas on Guadalupe,Villas on Guadalupe,5 Bed / 3 Bath,992,FALSE,FALSE,0,FALSE,30,TRUE,July,2025,"Good location, lots of space, big rooms, plenty of storage, and great amenities to live comfortably.",1773338499952,2026-03-12,1773338499952222c5cvtx
Villas on Guadalupe,Villas on Guadalupe,2 Bed / 2 Bath,1260,FALSE,FALSE,0,FALSE,50,TRUE,October,2025,na,1773715895430,2026-03-17,1773715895430vfwnxjgvj
Villas on Guadalupe,Villas on Guadalupe,2 Bed / 2 Bath,1180,FALSE,FALSE,0,FALSE,30,TRUE,August,2026,Haven’t lived thereyet,1773902528165,2026-03-19,1773902528165ltrca2yua
Villas on Guadalupe,Villas on Guadalupe,5 Bed / 3 Bath,1090,FALSE,FALSE,0,FALSE,60,TRUE,March,2026,Includes gym and pool,1774106298794,2026-03-21,1774106298794lgoy02xo8
Villas on Guadalupe,Villas on Guadalupe,1 Bed / 1 Bath,1890,FALSE,FALSE,0,FALSE,90,TRUE,February,2026,N/A,1774324424864,2026-03-24,17743244248648ptlgek2r
Villas on Guadalupe,Villas on Guadalupe,4 Bed / 3 Bath,1100,FALSE,FALSE,0,FALSE,0,TRUE,August,2026,n.a.,1774325722956,2026-03-24,1774325722956pkepcui7n
Villas on Guadalupe,Villas on Guadalupe,3 Bed / 3 Bath,1180,FALSE,FALSE,0,FALSE,45,TRUE,July,2025,"Pool, gym, studio, No security",1774988369555,2026-03-31,1774988369556goja2ln24
Villas on Guadalupe,Villas on Guadalupe,2 Bed / 2 Bath,1215,FALSE,FALSE,0,FALSE,0,TRUE,August,2026,Idk,1775072588451,2026-04-01,17750725884516atcaqtll
Villas on Guadalupe,Villas on Guadalupe,3 Bed / 3 Bath,1185,FALSE,FALSE,0,FALSE,80,TRUE,June,2025,Gym and pool,1775672588359,2026-04-08,1775672588359itvuqyj6v
Villas on Guadalupe,Villas on Guadalupe,3 Bed / 3 Bath,1185,FALSE,FALSE,0,FALSE,80,TRUE,June,2025,Gym and Pool,1775672702282,2026-04-08,1775672702282wrqinb2yk
Villas on Guadalupe,Villas on Guadalupe,4 Bed / 4 Bath,870,FALSE,FALSE,0,FALSE,40,TRUE,April,2026,"perfectly sublime housing, but is discounted by employee work",1775683990879,2026-04-08,1775683990879lu7f528h7
Villas on Guadalupe,Villas on Guadalupe,3 Bed / 2 Bath,915,FALSE,FALSE,0,FALSE,0,TRUE,October,2025,"Pool, gym, and furnished apartment",1775787616270,2026-04-10,177578761627068efw4w2v
Villas on Guadalupe,Villas on Guadalupe,4 Bed / 2 Bath,1125,FALSE,FALSE,0,FALSE,0,TRUE,October,2025,Haven’t moved in yet,1776134794776,2026-04-14,1776134794777zzzi5lomv
Villas on Guadalupe,Villas on Guadalupe,3 Bed / 2 Bath,1025,FALSE,FALSE,0,FALSE,50,TRUE,April,2026,Very very nice amenities are nicely kept,1776269301203,2026-04-15,1776269301203w5endtgq4
Villas on Guadalupe,Villas on Guadalupe,3 Bed / 2 Bath,1080,FALSE,FALSE,0,FALSE,45,TRUE,October,2025,"One bedroom is technically a loft, and that roommate is paying significantly less",1776367985351,2026-04-16,17763679853511rldnv8mj
Villas on Guadalupe,Villas on Guadalupe,2 Bed / 2 Bath,1190,FALSE,TRUE,150,FALSE,0,TRUE,August,2026,n,1777335905910,2026-04-28,1777335905911hbcunpei6
Villas on Guadalupe,Villas on Guadalupe,3 Bed / 3 Bath,1185,FALSE,FALSE,0,FALSE,50,TRUE,May,2026,Pool and gym,1778013604020,2026-05-05,1778013604020x51bshhzy
Villas on Guadalupe,Villas on Guadalupe,3 Bed / 2 Bath,860,FALSE,TRUE,150,FALSE,45,TRUE,October,2024,"Nice amenities, kind of dark road but safe to walk down (not bad at all as a female), fast maintenance and helpful management/college student desk attendees.",1778670938399,2026-05-13,1778670938399w26o3du0n
Villas on Guadalupe,Villas on Guadalupe,4 Bed / 3 Bath,900,FALSE,FALSE,0,FALSE,0,TRUE,August,2026,"clean gym, and pool, lots of community events",1779835268217,2026-05-26,1779835268217mu61sat08
Villas on Guadalupe,Villas on Guadalupe,2 Bed / 2 Bath,695,TRUE,TRUE,150,FALSE,40,TRUE,July,2025,"All gates and doors use the app Geo Key, which can be sketchy and locks you out if your phone dies",1780555255634,2026-06-04,1780555255634yhkdkhuka
Villas on Guadalupe,Villas on Guadalupe,4 Bed / 4 Bath,1100,FALSE,FALSE,0,FALSE,75,TRUE,August,2026,gym and pool,1781130476010,2026-06-10,1781130476011pz3hmh0ho
Villas on Nueces,Villas on Nueces,2 Bed / 2 Bath,830,TRUE,FALSE,0,FALSE,35,TRUE,August,2025,Elevators don’t work sometimes,1772523552934,2026-03-03,1772523552934y88nequxs
Villas on Nueces,Villas on Nueces,1 Bed / 1 Bath,1250,FALSE,FALSE,0,FALSE,0,TRUE,October,2025,Bad view but studios are really spacious,1772685027545,2026-03-05,1772685027545u029w6zfz
Villas on Nueces,Villas on Nueces,4 Bed / 4 Bath,1450,FALSE,FALSE,0,FALSE,50,TRUE,January,2026,"Includes gym and pool, kind of close to campus",1772936833627,2026-03-08,17729368336275fhuikytv
Villas on Nueces,Villas on Nueces,2 Bed / 2 Bath,875,FALSE,FALSE,0,FALSE,25,TRUE,October,2025,Gym,1773690541206,2026-03-16,1773690541206ix41o75t9
Villas on Nueces,Villas on Nueces,2 Bed / 2 Bath,1430,FALSE,FALSE,0,FALSE,70,TRUE,October,2025,Close to campus. Broken elevators. Hidden fees. Los quality maintenance. Small building. Big rooms,1774683499218,2026-03-28,1774683499218k31aq29hw
Villas on Nueces,Villas on Nueces,3 Bed / 3 Bath,1200,FALSE,TRUE,165,FALSE,85,TRUE,May,2025,elevators broken oftentimes,1776704713849,2026-04-20,17767047138492yp4mliag
Villas on Nueces,Villas on Nueces,3 Bed / 3 Bath,1365,FALSE,TRUE,0,FALSE,115,TRUE,August,2025,"Close to campus, elevators break often and are slow, gym is really bad",1777324905268,2026-04-27,17773249052683hifl0jf7
Villas on Nueces,Villas on Nueces,4 Bed / 3 Bath,1105,FALSE,TRUE,210,FALSE,0,TRUE,December,2025,"Close to campus, gym and hot tub/pool, broken elevator sometimes",1778596147130,2026-05-12,1778596147130wcubcwvlf
Villas on Rio,Villas on Rio,3 Bed / 3 Bath,1450,FALSE,FALSE,0,FALSE,0,FALSE,September,2022,10/10 from McCombs. Walk time to campus is 11 - 15 min. Data from Wampus.fyi,1697890948000,2023-10-21,1697890948000qt4zldeg4
Villas on Rio,Villas on Rio,Shared 2 Bed 2 Bath (4 People Total),649,TRUE,TRUE,190,FALSE,45,TRUE,,,"Scoured around the internet! No hidden fees (just read the contract carefully). I really like my experience overall. Only downside is that mold grows and in one particular bathroom, it’s genuinely horrible (the smell, how fast mold grows, etc)",1771470538000,2026-02-19,seed_1771470538000_52d027
Villas on Rio,Villas on Rio,3 Bed / 3 Bath,939,TRUE,FALSE,0,FALSE,35,TRUE,January,2026,Double occupancy,1772255273976,2026-02-28,1772255273976urf0q2xo4
Villas on Rio,Villas on Rio,2 Bed / 2 Bath,650,TRUE,FALSE,0,FALSE,40,TRUE,March,2025,"Close to campus, indoor pool",1772487063146,2026-03-02,1772487063146vcjof10i2
Villas on Rio,Villas on Rio,4 Bed / 4 Bath,1309,FALSE,FALSE,0,FALSE,55,TRUE,May,2025,"Elevators break semi often, lots of parties and screaming, people can’t take out the trash for some reason",1772547979718,2026-03-03,1772547979718rfhvvy45x
Villas on Rio,Villas on Rio,4 Bed / 4 Bath,1509,FALSE,FALSE,0,FALSE,0,TRUE,August,2026,Includes gym and pool,1772553110176,2026-03-03,1772553110176chwlwhmm7
Villas on Rio,Villas on Rio,4 Bed / 2 Bath,1125,FALSE,FALSE,0,FALSE,0,TRUE,November,2025,"Pool, Sauna, Gym/weight room",1772694299803,2026-03-05,1772694299803jwedltddh
Villas on Rio,Villas on Rio,4 Bed / 2 Bath,695,FALSE,FALSE,0,FALSE,0,TRUE,August,2025,Only 2 elevators. One is always broken.,1772721180182,2026-03-05,1772721180182n7bgqpeh8
Villas on Rio,Villas on Rio,4 Bed / 4 Bath,1095,FALSE,FALSE,0,FALSE,45,TRUE,October,2024,Broken elevators and bad management!,1772732080769,2026-03-05,17727320807692hrk807vx
Villas on Rio,Villas on Rio,2 Bed / 2 Bath,950,TRUE,FALSE,0,FALSE,50,TRUE,August,2026,"Great amenities, great management",1772922225274,2026-03-07,1772922225274n8voq6n1x
Villas on Rio,Villas on Rio,1 Bed / 1 Bath,1850,FALSE,FALSE,0,FALSE,80,TRUE,April,2025,Broken elevator,1773101013472,2026-03-10,1773101013472ehd3rr9e9
Villas on Rio,Villas on Rio,2 Bed / 2 Bath,1495,FALSE,FALSE,0,FALSE,0,TRUE,December,2025,"roof pool, sauna, indoor pool and cold plunge, gym, study areas",1773210111545,2026-03-11,1773210111545vcj87doao
Villas on Rio,Villas on Rio,3 Bed / 3 Bath,930,TRUE,FALSE,0,FALSE,45,TRUE,August,2025,"Broken elevators, loud people, nice amenities",1773375484861,2026-03-13,1773375484861sd61np8d1
Villas on Rio,Villas on Rio,3 Bed / 3 Bath,1575,FALSE,FALSE,0,FALSE,0,TRUE,March,2026,"Includes indoor and outdoor pool, outdoor grills, good staff",1773484545775,2026-03-14,17734845457757cw7z59hh
Villas on Rio,Villas on Rio,2 Bed / 2 Bath,690,TRUE,FALSE,0,FALSE,0,TRUE,September,2026,I got smart housing and honestly this was just the cheapest option!,1773784016963,2026-03-17,17737840169636twaf6jp8
Villas on Rio,Villas on Rio,2 Bed / 2 Bath,1490,FALSE,FALSE,0,FALSE,30,TRUE,August,2025,"Walls are thin but amenities are great. It's a greek life apartment so expect it to be loud at nights. Apartment lobby and halls get cleaned daily. Maintenance is slow and there is only 3 elevators for 19 floors. Front desk people are helpful. Deliveries rarely get stolen. If you live next to the trash chute then it smells terrible and overflows on weekends. I live in 2x2 and have the room with no window, but the large layout and space makes up for it.",1773876854045,2026-03-18,1773876854045sg0tgm8lp
Villas on Rio,Villas on Rio,3 Bed / 3 Bath,2220,FALSE,FALSE,0,FALSE,0,TRUE,August,2026,Súper chill,1774488394567,2026-03-26,1774488394567n68qmemds
Villas on Rio,Villas on Rio,4 Bed / 4 Bath,1350,FALSE,FALSE,0,FALSE,0,TRUE,February,2026,idk,1774841600772,2026-03-30,1774841600773yxfeiexl4
Villas on Rio,Villas on Rio,2 Bed / 2 Bath,960,TRUE,FALSE,0,FALSE,30,TRUE,March,2025,"basketball court, pool",1774910231175,2026-03-30,1774910231175fo58vaeyd
Villas on Rio,Villas on Rio,2 Bed / 2 Bath,935,TRUE,FALSE,0,FALSE,40,TRUE,October,2024,"Close tO campus, maitinence good, elevators slow, hella frat guys and sorority girls, great ammenitied but pool closed often",1774998005606,2026-03-31,1774998005606xha3a9m7f
Villas on Rio,Villas on Rio,4 Bed / 4 Bath,1569,TRUE,FALSE,0,FALSE,0,TRUE,May,2026,clubhouse,1775048637435,2026-04-01,177504863743595vv89nr9
Villas on Rio,Villas on Rio,4 Bed / 2 Bath,1590,FALSE,FALSE,0,FALSE,0,TRUE,August,2026,good amenities,1775048975803,2026-04-01,1775048975803k2zj5w2kf
Villas on Rio,Villas on Rio,2 Bed / 2 Bath,1429,FALSE,FALSE,0,FALSE,120,TRUE,September,2026,"Broken Elevator, No wifi",1775941353833,2026-04-11,1775941353834xdru0oo9y
Villas on Rio,Villas on Rio,2 Bed / 2 Bath,1450,FALSE,FALSE,0,FALSE,25,TRUE,November,2024,good,1776132336768,2026-04-14,1776132336769c16ewelxi
Villas on Rio,Villas on Rio,3 Bed / 3 Bath,1499,FALSE,FALSE,0,FALSE,100,TRUE,October,2025,"So many hidden premium fees, elevators ALWAYS broken, the parking garage has been broken for months, the pool is closed at least 3x a month, managers are always gone and never helpful. Only nice thing is that the maintenance guys are so sweet and work very hard to fix everything, there just are way too many people and issues for the 3 of them.",1776204199284,2026-04-14,1776204199284oe2qiifrx
Villas on Rio,Villas on Rio,4 Bed / 4 Bath,1255,FALSE,FALSE,0,FALSE,80,TRUE,August,2026,None,1776219876252,2026-04-15,1776219876252kesild1lh
Villas on Rio,Villas on rio,2 Bed / 2 Bath,885,TRUE,FALSE,0,FALSE,0,TRUE,August,2025,...,1779373899574,2026-05-21,1779373899574vlo2jksk6
Villas on Rio,Villas on Rio,2 Bed / 2 Bath,980,TRUE,FALSE,0,FALSE,0,TRUE,December,2025,"ur living in a Pod, with another person, shared space",1780035089307,2026-05-29,1780035089307ssq88tvje
Villas on Rio,Villas on Rio,4 Bed / 2 Bath,1180,FALSE,FALSE,0,FALSE,50,TRUE,July,2026,Na,1780764422650,2026-06-06,1780764422650v1j7erm23
Villas on Rio,Villas on Rio,4 Bed / 2 Bath,980,FALSE,FALSE,0,FALSE,45,TRUE,August,2026,broken elevators,1780965555946,2026-06-09,1780965555946gwupfdlbi
Villas on Rio,Villas on Rio,2 Bed / 2 Bath,995,FALSE,FALSE,0,FALSE,45,TRUE,August,2025,elevator breaks occasionally,1780968067050,2026-06-09,17809680670507binkupk6
Villas on Rio,Villas on Rio,4 Bed / 2 Bath,825,FALSE,TRUE,130,FALSE,50,TRUE,September,2024,Perfect cost of living,1783501206937,2026-07-08,17835012069374fqswz7ly
Villas on Rio,Villas on Rio,4 Bed / 4 Bath,1380,FALSE,FALSE,0,FALSE,0,TRUE,January,2026,good location,1783975600683,2026-07-13,17839756006848qig3368r
Waterford Condominiums,Waterford Condominiums,2 Bed / 2 Bath,1000,FALSE,TRUE,0,FALSE,0,TRUE,August,2025,"Parking is included the garage ceiling tiles are kind of falling off. Maintenance is nonexistent, but the price makes it worth it",1777763134120,2026-05-02,17777631341203qm0ivdly
West Campus Elloras,West Campus Elloras,5 Bed / 3 Bath,870,FALSE,FALSE,0,FALSE,0,TRUE,August,2025,Things break often and management is slow unless the issue is urgent (like a pipe leak),1773280557372,2026-03-12,1773280557372ha1t63ptx
West Campus Elloras,West Campus Elloras,4 Bed / 4 Bath,1490,FALSE,FALSE,0,FALSE,50,TRUE,January,2025,Dirty floors,1780789024331,2026-06-06,17807890243311g3khaffc
West Campus Flats,West Campus Flats,Studio,1150,FALSE,FALSE,0,FALSE,100,TRUE,August,2024,"Community laundry, decently cozy but definitely not a new building. Surrounded by frats and co-ops",1772651854684,2026-03-04,1772651854684ffp6ma0bm
West Campus Flats,West Campus Flats,1 Bed / 1 Bath,1155,FALSE,TRUE,125,FALSE,50,TRUE,July,2026,Kinda old looking,1777091666597,2026-04-25,1777091666597fa1fwd1m8
West Campus Flats,West Campus Flats,Studio,1150,FALSE,TRUE,0,FALSE,50,TRUE,August,2026,No amenities,1781217155148,2026-06-11,1781217155148cm4de6opr
Windtree Condominiums,Windtree Condominiums,2 Bed / 2 Bath,1025,FALSE,TRUE,0,FALSE,80,TRUE,,,"I like having my own bathroom, it's also just a 5min walk from the CPE",1771436221000,2026-02-18,seed_1771436221000_831b1c
Yugo Austin Corner,Yugo Austin Corner,3 Bed / 2 Bath,1150,FALSE,FALSE,0,FALSE,30,TRUE,August,2026,,1772161544380,2026-02-27,1772161544380hw0y5qcom
Yugo Austin Corner,Yugo Austin Corner,4 Bed / 4 Bath,1300,FALSE,FALSE,0,FALSE,0,TRUE,August,2026,No amenities,1772472769722,2026-03-02,1772472769723gpnlnttk5
Yugo Austin Corner,Yugo Austin Corner,3 Bed / 2 Bath,1050,FALSE,FALSE,0,FALSE,50,TRUE,August,2025,"Far from campus, nice lobby",1772560803100,2026-03-03,17725608031002m95jp6i1
Yugo Austin Corner,Yugo Austin Corner,4 Bed / 4 Bath,1160,FALSE,FALSE,0,FALSE,50,TRUE,September,2025,Nice,1772925832421,2026-03-07,1772925832421m2c4pp6a3
Yugo Austin Corner,Yugo Austin Corner,5 Bed / 4 Bath,1195,FALSE,FALSE,0,FALSE,70,TRUE,February,2025,Decent apartment. The only downside to living here was in the fall semester when the elevator would go out all the time and we lived on the top floor. They have gotten a new contractor who seems to have really turned things around elevaor wise. It may seem far from campus but the bus stop is right outside your door. Doesn't have a gym of dedicated study rooms (only a little area in the lobby) and I know there are places that go for around the same rate with gyms. Also really nice if you're a cyclist because they have a dedicated bike cage in the parking garage. Plus if you're a dog owner they have their own closed off dog park in the back.,1773203804768,2026-03-11,1773203804768g8zgc4c6s
Yugo Austin Corner,Yugo Austin Corner,4 Bed / 3 Bath,1129,FALSE,FALSE,0,FALSE,0,TRUE,August,2025,Farther from campus,1773705455962,2026-03-16,1773705455963q1ngm6f5p
Yugo Austin Corner,Yugo Austin Corner,5 Bed / 4 Bath,1129,FALSE,FALSE,0,FALSE,0,TRUE,August,2026,N/A,1774146417422,2026-03-22,177414641742213zxzgb7t
Yugo Austin Corner,Yugo Austin Corner,5 Bed / 4 Bath,1090,FALSE,FALSE,0,FALSE,0,TRUE,October,2025,"expensive parking, far from campus (for wampus)",1776141491982,2026-04-14,1776141491982ukz5clu4z
Yugo Austin Corner,Yugo Austin Corner,5 Bed / 4 Bath,1010,FALSE,FALSE,0,FALSE,0,TRUE,August,2026,i dont know,1776220644223,2026-04-15,17762206442239xabij37p
Yugo Austin Corner,Yugo Austin Corner,4 Bed / 4 Bath,1750,FALSE,TRUE,120,FALSE,15,TRUE,February,2025,Great,1777732796619,2026-05-02,17777327966192c042fttk
Yugo Austin Corner,Yugo Austin Corner,4 Bed / 4 Bath,1220,FALSE,FALSE,0,FALSE,0,TRUE,October,2025,Calm,1778576625220,2026-05-12,1778576625220kci48iaam
Yugo Austin Corner,Yugo Austin Corner,3 Bed / 3 Bath,1215,FALSE,TRUE,0,FALSE,50,TRUE,September,2025,"Broken elevator, little amenities",1781663388304,2026-06-17,17816633883048g1o3fxw8
Yugo Austin Nueces,Yugo Austin Nueces,4 Bed / 2 Bath,1220,FALSE,FALSE,0,FALSE,40,TRUE,October,2026,Has a gym!,1772224654444,2026-02-27,1772224654444yhsrdz74z
Yugo Austin Nueces,Yugo Austin Nueces,5 Bed / 3 Bath,1210,FALSE,FALSE,0,FALSE,0,TRUE,October,2025,5x3 Plus,1773859516151,2026-03-18,1773859516151fkeqeb60s
Yugo Austin Nueces,Yugo Austin Nueces,4 Bed / 2 Bath,1335,FALSE,FALSE,0,FALSE,0,TRUE,November,2025,idk,1773872718682,2026-03-18,1773872718682jxtzwas19
Yugo Austin Nueces,Yugo Austin Nueces,4 Bed / 3 Bath,1310,FALSE,FALSE,0,FALSE,50,TRUE,September,2024,Fast maintenance,1774925032291,2026-03-31,1774925032291iy6glcurb
Yugo Austin Nueces,Yugo Austin Nueces,5 Bed / 5 Bath,1090,FALSE,FALSE,0,FALSE,50,TRUE,August,2025,includes gym,1775176298905,2026-04-03,1775176298905wk6fv50xu
Yugo Austin Rio,Yugo Austin Rio,4 Bed / 4 Bath,1499,FALSE,TRUE,150,FALSE,60,TRUE,,,Management is lowkey annoying. Maintenance doesn’t knock on room doors before entering and,1771632995000,2026-02-21,seed_1771632995000_e18549
Yugo Austin Rio,Yugo Austin Rio,4 Bed / 4 Bath,1085,FALSE,FALSE,0,FALSE,45,TRUE,January,2026,no,1773018362599,2026-03-09,17730183625993v9cd32yt
Yugo Austin Rio,Yugo Austin Rio,4 Bed / 2 Bath,1380,FALSE,FALSE,0,FALSE,0,TRUE,August,2025,Stuff breaks,1773353750384,2026-03-12,1773353750384wzp16hs1v
Yugo Austin Rio,Yugo Austin Rio,4 Bed / 4 Bath,1309,FALSE,FALSE,0,FALSE,35,TRUE,September,2024,"Close to campus, elevators sometimes malfunction, includes gym",1773877557508,2026-03-18,1773877557509ifr3lnbbq
Yugo Austin Rio,Yugo Austin Rio,4 Bed / 4 Bath,1350,FALSE,FALSE,0,FALSE,0,TRUE,October,2025,n/a,1773957752467,2026-03-19,1773957752467jpcyvucy2
Yugo Austin Waterloo,Yugo Austin Waterloo,4 Bed / 4 Bath,1540,FALSE,FALSE,0,FALSE,0,FALSE,October,2022,9/10 from CNS. Walk time to campus is 5 - 10 min. Data from Wampus.fyi,1697890512000,2023-10-21,1697890512000xrqawu6n3
Yugo Austin Waterloo,Yugo Austin Waterloo,6 Bed / 6 Bath,1204,FALSE,FALSE,0,FALSE,0,FALSE,March,2023,8/10 from McCombs. Walk time to campus is 11 - 15 min. Data from Wampus.fyi,1697893293000,2023-10-21,1697893293000dlg8t8sva
Yugo Austin Waterloo,Yugo Austin Waterloo,6 Bed / 6 Bath,1350,FALSE,TRUE,350,FALSE,20,TRUE,,,"Green fee, premium floor fee, they charge more if the trash room is overfilled even if it wasn’t you. Thin walls",1771651552000,2026-02-21,seed_1771651552000_7f013e
Yugo Austin Waterloo,Yugo Austin Waterloo,6 Bed / 6 Bath,1430,FALSE,TRUE,250,FALSE,40,TRUE,,,Green fe application fees. Really small rooms and living room just not useful,1771671760000,2026-02-21,seed_1771671760000_4122b2
Yugo Austin Waterloo,Yugo Austin Waterloo,2 Bed / 2 Bath,1410,FALSE,FALSE,0,FALSE,0,TRUE,January,2026,,1772173598994,2026-02-27,1772173598995dwe7zsuhc
Yugo Austin Waterloo,Yugo Austin Waterloo,4 Bed / 4 Bath,1434,FALSE,FALSE,0,FALSE,30,TRUE,January,2026,"extremely tiny bedrooms but makes up for it with floor to ceiling windows, large kitchen island with waterfall countertop edge, and tower/campus view. decent amenities and aesthetic study spaces. elevator issues (often gets stuck/sometimes drop several floors). extremely tight parking garage!!!!!! (like every single car has scrapes down the side and it’s pretty difficult to turn the corner without having to reverse)",1772242091115,2026-02-28,1772242091116ea2ges23b
Yugo Austin Waterloo,Yugo Austin Waterloo,4 Bed / 4 Bath,1305,FALSE,FALSE,0,FALSE,0,TRUE,August,2026,They gave me 100 off each month,1772589067062,2026-03-04,1772589067062cr6kizfw7
Yugo Austin Waterloo,Yugo Austin Waterloo,6 Bed / 6 Bath,1414,FALSE,FALSE,0,FALSE,35,TRUE,September,2025,Broken elevators shitty maintenance small rooms some rooms with no window ac dosent work on some rooms shitty delivery system,1772656338781,2026-03-04,1772656338781kg7uxa5g8
Yugo Austin Waterloo,Yugo Austin Waterloo,4 Bed / 4 Bath,1259,FALSE,FALSE,0,FALSE,0,TRUE,August,2026,none,1772668018133,2026-03-04,1772668018133h9jjz3c61
Yugo Austin Waterloo,Yugo Austin Waterloo,6 Bed / 6 Bath,1400,FALSE,FALSE,0,FALSE,20,TRUE,October,2024,"Broken elevators, hidden fees, broken furniture, gym equipment broken",1772675944429,2026-03-05,1772675944429ucf35djl7
Yugo Austin Waterloo,Yugo Austin Waterloo,4 Bed / 4 Bath,1305,FALSE,FALSE,0,FALSE,40,TRUE,January,2026,.,1772688025280,2026-03-05,1772688025280j1vmouso8
Yugo Austin Waterloo,Yugo Austin Waterloo,6 Bed / 6 Bath,1405,FALSE,FALSE,0,FALSE,30,TRUE,September,2024,"Close to campus, busy study rooms",1773011129601,2026-03-08,1773011129601ldggdnkpb
Yugo Austin Waterloo,Yugo Austin Waterloo,4 Bed / 4 Bath,1360,FALSE,FALSE,0,FALSE,35,TRUE,March,2026,Hy,1773111793562,2026-03-10,1773111793562vcj3gexgr
Yugo Austin Waterloo,Yugo Austin Waterloo,4 Bed / 4 Bath,1260,FALSE,FALSE,0,FALSE,35,TRUE,February,2026,Includes gym and pool.,1773170746834,2026-03-10,1773170746834c57k2cd04
Yugo Austin Waterloo,Yugo Austin Waterloo,4 Bed / 4 Bath,1420,FALSE,FALSE,0,FALSE,30,TRUE,June,2024,"Broken elevator, no window",1773480847578,2026-03-14,1773480847578e9gygr5ug
Yugo Austin Waterloo,Yugo Austin Waterloo,1 Bed / 1 Bath,2090,FALSE,FALSE,0,FALSE,20,TRUE,August,2025,"Includes gym and pool, broken elevators in first semester",1774049335631,2026-03-20,1774049335631ibjk6k9te
Yugo Austin Waterloo,Yugo Austin Waterloo,4 Bed / 4 Bath,1359,FALSE,FALSE,0,FALSE,30,TRUE,July,2025,"$35 a month green fee, great amenities (rooftop pool 30 floors high, gym, yoga room, saunas, cycling room, study area 2nd floor, free printing, Luxer package delivery system, refrigerators in mail room for grocery deliveries), however my first semester here we went down to 2 elevators out of the 4 in the building operational after just a week or two into the Fall semester. Being on the 25th floor made calling for an elevator extremely difficult with long wait times before seeing an elevator. By the time the elevator picked up people from floors 30-20 it was more or less full making people on lower floors have to wait even longer to get in an empty elevator. Additionally at times it would be down to 1 elevator because one of the elevators out of the 2 was getting overworked with the reduced elevator capacity making management slow down that elevator. Eventually they were fixed after 3 months (December) and have been fine ever since but definitely not a good elevator experience the first half of the year.",1775478534918,2026-04-06,1775478534918747dxz2ua
Yugo Austin Waterloo,Yugo Austin Waterloo,6 Bed / 6 Bath,1379,FALSE,FALSE,0,FALSE,0,TRUE,November,2025,a,1775936732835,2026-04-11,177593673283552dgvc84u
Yugo Austin Waterloo,Yugo Austin Waterloo,4 Bed / 4 Bath,1250,FALSE,FALSE,0,FALSE,50,TRUE,August,2026,A,1776047379304,2026-04-13,1776047379304gsol2vul0
Yugo Austin Waterloo,Yugo Austin Waterloo,4 Bed / 4 Bath,1300,FALSE,FALSE,0,FALSE,50,TRUE,August,2026,No problem,1776238476047,2026-04-15,1776238476047nvp3e91oj
Yugo Austin Waterloo,Yugo Austin Waterloo,4 Bed / 4 Bath,1350,FALSE,TRUE,200,FALSE,60,TRUE,May,2026,"Close to campus, includes gym and pool",1776998968405,2026-04-24,1776998968405o3cs2upsz
